scope,dataset,system,system_display,input_rows,successful_rows,failed_rows,provider_failure_examples,answer_calls_total,answer_calls_per_input_example,input_tokens_per_example,output_tokens_per_example,total_tokens_per_example,cost_total_usd,usd_per_example,cost_coverage,latency_median_ms,latency_p95_ms,latency_available_successful_examples,latency_denominator_successful_examples,status_counts,missingness
by_dataset,financebench,direct,Direct,50,50,0,0,50,1.0,734.72,25.38,760.1,0.014051367,0.00028102734,1.0,886.2206255034835,1859.7490935968376,50,50,"{""success"": 50}","{""estimated_cost_usd"": {""denominator"": 50, ""missing_examples"": 0}, ""input_tokens"": {""denominator"": 50, ""missing_examples"": 0}, ""latency_ms"": {""denominator"": 50, ""missing_examples"": 0}, ""llm_call_count"": {""denominator"": 50, ""missing_examples"": 0}, ""output_tokens"": {""denominator"": 50, ""missing_examples"": 0}, ""provider_cost_usd"": {""denominator"": 50, ""missing_examples"": 0}, ""resolved_model"": {""denominator"": 50, ""missing_examples"": 0}, ""route_selected"": {""denominator"": 50, ""missing_examples"": 50}, ""total_tokens"": {""denominator"": 50, ""missing_examples"": 0}}"
by_dataset,financebench,cot,CoT/PoT,50,50,0,0,50,1.0,750.72,241.24,991.96,0.041001642,0.0008200328400000001,1.0,1896.6404579987284,4595.0966562541,50,50,"{""success"": 50}","{""estimated_cost_usd"": {""denominator"": 50, ""missing_examples"": 0}, ""input_tokens"": {""denominator"": 50, ""missing_examples"": 0}, ""latency_ms"": {""denominator"": 50, ""missing_examples"": 0}, ""llm_call_count"": {""denominator"": 50, ""missing_examples"": 0}, ""output_tokens"": {""denominator"": 50, ""missing_examples"": 0}, ""provider_cost_usd"": {""denominator"": 50, ""missing_examples"": 0}, ""resolved_model"": {""denominator"": 50, ""missing_examples"": 0}, ""route_selected"": {""denominator"": 50, ""missing_examples"": 50}, ""total_tokens"": {""denominator"": 50, ""missing_examples"": 0}}"
by_dataset,financebench,nexus,Static Nexus,50,50,0,0,50,1.0,1959.58,125.7,2085.28,0.044655138000000004,0.00089310276,1.0,1278.6775835011213,3515.1585999992635,50,50,"{""success"": 50}","{""estimated_cost_usd"": {""denominator"": 50, ""missing_examples"": 0}, ""input_tokens"": {""denominator"": 50, ""missing_examples"": 0}, ""latency_ms"": {""denominator"": 50, ""missing_examples"": 0}, ""llm_call_count"": {""denominator"": 50, ""missing_examples"": 0}, ""output_tokens"": {""denominator"": 50, ""missing_examples"": 0}, ""provider_cost_usd"": {""denominator"": 50, ""missing_examples"": 0}, ""resolved_model"": {""denominator"": 50, ""missing_examples"": 0}, ""route_selected"": {""denominator"": 50, ""missing_examples"": 50}, ""total_tokens"": {""denominator"": 50, ""missing_examples"": 0}}"
by_dataset,financebench,react,ReAct,50,50,0,0,169,3.38,3096.58,418.14,3514.72,0.096635781,0.00193271562,1.0,4396.577083502052,8801.458408049073,50,50,"{""success"": 50}","{""estimated_cost_usd"": {""denominator"": 50, ""missing_examples"": 0}, ""input_tokens"": {""denominator"": 50, ""missing_examples"": 0}, ""latency_ms"": {""denominator"": 50, ""missing_examples"": 0}, ""llm_call_count"": {""denominator"": 50, ""missing_examples"": 0}, ""output_tokens"": {""denominator"": 50, ""missing_examples"": 0}, ""provider_cost_usd"": {""denominator"": 50, ""missing_examples"": 0}, ""resolved_model"": {""denominator"": 50, ""missing_examples"": 0}, ""route_selected"": {""denominator"": 50, ""missing_examples"": 50}, ""total_tokens"": {""denominator"": 50, ""missing_examples"": 0}}"
by_dataset,financebench,selective,Selective Nexus,50,50,0,0,155,3.1,2666.26,389.68,3055.94,0.087816861,0.00175633722,1.0,4304.922062499827,9971.24722454682,50,50,"{""success"": 50}","{""estimated_cost_usd"": {""denominator"": 50, ""missing_examples"": 0}, ""input_tokens"": {""denominator"": 50, ""missing_examples"": 0}, ""latency_ms"": {""denominator"": 50, ""missing_examples"": 0}, ""llm_call_count"": {""denominator"": 50, ""missing_examples"": 0}, ""output_tokens"": {""denominator"": 50, ""missing_examples"": 0}, ""provider_cost_usd"": {""denominator"": 50, ""missing_examples"": 0}, ""resolved_model"": {""denominator"": 50, ""missing_examples"": 0}, ""route_selected"": {""denominator"": 50, ""missing_examples"": 0}, ""total_tokens"": {""denominator"": 50, ""missing_examples"": 0}}"
by_dataset,finder,direct,Direct,50,50,0,0,50,1.0,762.94,41.44,804.38,0.016457859,0.00032915718,1.0,914.090500002203,1850.2814062474492,50,50,"{""success"": 50}","{""estimated_cost_usd"": {""denominator"": 50, ""missing_examples"": 0}, ""input_tokens"": {""denominator"": 50, ""missing_examples"": 0}, ""latency_ms"": {""denominator"": 50, ""missing_examples"": 0}, ""llm_call_count"": {""denominator"": 50, ""missing_examples"": 0}, ""output_tokens"": {""denominator"": 50, ""missing_examples"": 0}, ""provider_cost_usd"": {""denominator"": 50, ""missing_examples"": 0}, ""resolved_model"": {""denominator"": 50, ""missing_examples"": 0}, ""route_selected"": {""denominator"": 50, ""missing_examples"": 50}, ""total_tokens"": {""denominator"": 50, ""missing_examples"": 0}}"
by_dataset,finder,cot,CoT/PoT,50,50,0,0,50,1.0,778.94,366.48,1145.42,0.056919159,0.00113838318,1.0,2894.988354499219,6215.481843899033,50,50,"{""success"": 50}","{""estimated_cost_usd"": {""denominator"": 50, ""missing_examples"": 0}, ""input_tokens"": {""denominator"": 50, ""missing_examples"": 0}, ""latency_ms"": {""denominator"": 50, ""missing_examples"": 0}, ""llm_call_count"": {""denominator"": 50, ""missing_examples"": 0}, ""output_tokens"": {""denominator"": 50, ""missing_examples"": 0}, ""provider_cost_usd"": {""denominator"": 50, ""missing_examples"": 0}, ""resolved_model"": {""denominator"": 50, ""missing_examples"": 0}, ""route_selected"": {""denominator"": 50, ""missing_examples"": 50}, ""total_tokens"": {""denominator"": 50, ""missing_examples"": 0}}"
by_dataset,finder,nexus,Static Nexus,50,50,0,0,50,1.0,2080.96,179.82,2260.78,0.053154981,0.00106309962,1.0,1517.6981459990202,3790.9072417038246,50,50,"{""success"": 50}","{""estimated_cost_usd"": {""denominator"": 50, ""missing_examples"": 0}, ""input_tokens"": {""denominator"": 50, ""missing_examples"": 0}, ""latency_ms"": {""denominator"": 50, ""missing_examples"": 0}, ""llm_call_count"": {""denominator"": 50, ""missing_examples"": 0}, ""output_tokens"": {""denominator"": 50, ""missing_examples"": 0}, ""provider_cost_usd"": {""denominator"": 50, ""missing_examples"": 0}, ""resolved_model"": {""denominator"": 50, ""missing_examples"": 0}, ""route_selected"": {""denominator"": 50, ""missing_examples"": 50}, ""total_tokens"": {""denominator"": 50, ""missing_examples"": 0}}"
by_dataset,finder,react,ReAct,50,50,0,0,143,2.86,1988.7,503.5,2492.2,0.09184032,0.0018368064,1.0,5125.317540991091,8909.00497395123,50,50,"{""success"": 50}","{""estimated_cost_usd"": {""denominator"": 50, ""missing_examples"": 0}, ""input_tokens"": {""denominator"": 50, ""missing_examples"": 0}, ""latency_ms"": {""denominator"": 50, ""missing_examples"": 0}, ""llm_call_count"": {""denominator"": 50, ""missing_examples"": 0}, ""output_tokens"": {""denominator"": 50, ""missing_examples"": 0}, ""provider_cost_usd"": {""denominator"": 50, ""missing_examples"": 0}, ""resolved_model"": {""denominator"": 50, ""missing_examples"": 0}, ""route_selected"": {""denominator"": 50, ""missing_examples"": 50}, ""total_tokens"": {""denominator"": 50, ""missing_examples"": 0}}"
by_dataset,finder,selective,Selective Nexus,50,50,0,0,144,2.88,2092.84,492.72,2585.56,0.092052774,0.0018410554800000001,1.0,5285.385374991165,7776.861016409747,50,50,"{""success"": 50}","{""estimated_cost_usd"": {""denominator"": 50, ""missing_examples"": 0}, ""input_tokens"": {""denominator"": 50, ""missing_examples"": 0}, ""latency_ms"": {""denominator"": 50, ""missing_examples"": 0}, ""llm_call_count"": {""denominator"": 50, ""missing_examples"": 0}, ""output_tokens"": {""denominator"": 50, ""missing_examples"": 0}, ""provider_cost_usd"": {""denominator"": 50, ""missing_examples"": 0}, ""resolved_model"": {""denominator"": 50, ""missing_examples"": 0}, ""route_selected"": {""denominator"": 50, ""missing_examples"": 0}, ""total_tokens"": {""denominator"": 50, ""missing_examples"": 0}}"
by_dataset,finqa,direct,Direct,50,50,0,0,50,1.0,1171.74,8.06,1179.8,0.018397764,0.00036795528,1.0,847.1872704976704,1446.9719938995688,50,50,"{""success"": 50}","{""estimated_cost_usd"": {""denominator"": 50, ""missing_examples"": 0}, ""input_tokens"": {""denominator"": 50, ""missing_examples"": 0}, ""latency_ms"": {""denominator"": 50, ""missing_examples"": 0}, ""llm_call_count"": {""denominator"": 50, ""missing_examples"": 0}, ""output_tokens"": {""denominator"": 50, ""missing_examples"": 0}, ""provider_cost_usd"": {""denominator"": 50, ""missing_examples"": 0}, ""resolved_model"": {""denominator"": 50, ""missing_examples"": 0}, ""route_selected"": {""denominator"": 50, ""missing_examples"": 50}, ""total_tokens"": {""denominator"": 50, ""missing_examples"": 0}}"
by_dataset,finqa,cot,CoT/PoT,50,50,0,0,50,1.0,1187.74,247.4,1435.14,0.048253689,0.00096507378,1.0,1981.8673750014568,3097.7126792018676,50,50,"{""success"": 50}","{""estimated_cost_usd"": {""denominator"": 50, ""missing_examples"": 0}, ""input_tokens"": {""denominator"": 50, ""missing_examples"": 0}, ""latency_ms"": {""denominator"": 50, ""missing_examples"": 0}, ""llm_call_count"": {""denominator"": 50, ""missing_examples"": 0}, ""output_tokens"": {""denominator"": 50, ""missing_examples"": 0}, ""provider_cost_usd"": {""denominator"": 50, ""missing_examples"": 0}, ""resolved_model"": {""denominator"": 50, ""missing_examples"": 0}, ""route_selected"": {""denominator"": 50, ""missing_examples"": 50}, ""total_tokens"": {""denominator"": 50, ""missing_examples"": 0}}"
by_dataset,finqa,nexus,Static Nexus,50,50,0,0,50,1.0,3022.12,125.56,3147.68,0.058505337,0.00117010674,1.0,1378.9950414975465,3430.656675148929,50,50,"{""success"": 50}","{""estimated_cost_usd"": {""denominator"": 50, ""missing_examples"": 0}, ""input_tokens"": {""denominator"": 50, ""missing_examples"": 0}, ""latency_ms"": {""denominator"": 50, ""missing_examples"": 0}, ""llm_call_count"": {""denominator"": 50, ""missing_examples"": 0}, ""output_tokens"": {""denominator"": 50, ""missing_examples"": 0}, ""provider_cost_usd"": {""denominator"": 50, ""missing_examples"": 0}, ""resolved_model"": {""denominator"": 50, ""missing_examples"": 0}, ""route_selected"": {""denominator"": 50, ""missing_examples"": 50}, ""total_tokens"": {""denominator"": 50, ""missing_examples"": 0}}"
by_dataset,finqa,react,ReAct,50,50,0,0,138,2.76,2654.52,289.92,2944.44,0.075297222,0.00150594444,1.0,3459.1209374993923,6619.464931948822,50,50,"{""success"": 50}","{""estimated_cost_usd"": {""denominator"": 50, ""missing_examples"": 0}, ""input_tokens"": {""denominator"": 50, ""missing_examples"": 0}, ""latency_ms"": {""denominator"": 50, ""missing_examples"": 0}, ""llm_call_count"": {""denominator"": 50, ""missing_examples"": 0}, ""output_tokens"": {""denominator"": 50, ""missing_examples"": 0}, ""provider_cost_usd"": {""denominator"": 50, ""missing_examples"": 0}, ""resolved_model"": {""denominator"": 50, ""missing_examples"": 0}, ""route_selected"": {""denominator"": 50, ""missing_examples"": 50}, ""total_tokens"": {""denominator"": 50, ""missing_examples"": 0}}"
by_dataset,finqa,selective,Selective Nexus,50,50,0,0,93,1.86,2941.46,212.64,3154.1,0.0689018913,0.0013780378259999999,1.0,2598.86841649859,6259.306321597244,50,50,"{""success"": 50}","{""estimated_cost_usd"": {""denominator"": 50, ""missing_examples"": 0}, ""input_tokens"": {""denominator"": 50, ""missing_examples"": 0}, ""latency_ms"": {""denominator"": 50, ""missing_examples"": 0}, ""llm_call_count"": {""denominator"": 50, ""missing_examples"": 0}, ""output_tokens"": {""denominator"": 50, ""missing_examples"": 0}, ""provider_cost_usd"": {""denominator"": 50, ""missing_examples"": 0}, ""resolved_model"": {""denominator"": 50, ""missing_examples"": 0}, ""route_selected"": {""denominator"": 50, ""missing_examples"": 0}, ""total_tokens"": {""denominator"": 50, ""missing_examples"": 0}}"
by_dataset,tatqa,direct,Direct,50,50,0,0,50,1.0,659.14,16.18,675.32,0.011790504,0.00023581008,1.0,842.924562497501,1188.3855083957314,50,50,"{""success"": 50}","{""estimated_cost_usd"": {""denominator"": 50, ""missing_examples"": 0}, ""input_tokens"": {""denominator"": 50, ""missing_examples"": 0}, ""latency_ms"": {""denominator"": 50, ""missing_examples"": 0}, ""llm_call_count"": {""denominator"": 50, ""missing_examples"": 0}, ""output_tokens"": {""denominator"": 50, ""missing_examples"": 0}, ""provider_cost_usd"": {""denominator"": 50, ""missing_examples"": 0}, ""resolved_model"": {""denominator"": 50, ""missing_examples"": 0}, ""route_selected"": {""denominator"": 50, ""missing_examples"": 50}, ""total_tokens"": {""denominator"": 50, ""missing_examples"": 0}}"
by_dataset,tatqa,cot,CoT/PoT,50,50,0,0,50,1.0,675.14,148.46,823.6,0.028397754,0.00056795508,1.0,1412.5589999966905,2193.4671418519424,50,50,"{""success"": 50}","{""estimated_cost_usd"": {""denominator"": 50, ""missing_examples"": 0}, ""input_tokens"": {""denominator"": 50, ""missing_examples"": 0}, ""latency_ms"": {""denominator"": 50, ""missing_examples"": 0}, ""llm_call_count"": {""denominator"": 50, ""missing_examples"": 0}, ""output_tokens"": {""denominator"": 50, ""missing_examples"": 0}, ""provider_cost_usd"": {""denominator"": 50, ""missing_examples"": 0}, ""resolved_model"": {""denominator"": 50, ""missing_examples"": 0}, ""route_selected"": {""denominator"": 50, ""missing_examples"": 50}, ""total_tokens"": {""denominator"": 50, ""missing_examples"": 0}}"
by_dataset,tatqa,nexus,Static Nexus,50,50,0,0,50,1.0,1719.68,69.06,1788.74,0.034083423,0.00068166846,1.0,1070.101582998177,1700.9043456473592,50,50,"{""success"": 50}","{""estimated_cost_usd"": {""denominator"": 50, ""missing_examples"": 0}, ""input_tokens"": {""denominator"": 50, ""missing_examples"": 0}, ""latency_ms"": {""denominator"": 50, ""missing_examples"": 0}, ""llm_call_count"": {""denominator"": 50, ""missing_examples"": 0}, ""output_tokens"": {""denominator"": 50, ""missing_examples"": 0}, ""provider_cost_usd"": {""denominator"": 50, ""missing_examples"": 0}, ""resolved_model"": {""denominator"": 50, ""missing_examples"": 0}, ""route_selected"": {""denominator"": 50, ""missing_examples"": 50}, ""total_tokens"": {""denominator"": 50, ""missing_examples"": 0}}"
by_dataset,tatqa,react,ReAct,50,50,0,0,146,2.92,1603.62,235.6,1839.22,0.052969257,0.00105938514,1.0,3460.9166464979353,5910.616970794215,50,50,"{""success"": 50}","{""estimated_cost_usd"": {""denominator"": 50, ""missing_examples"": 0}, ""input_tokens"": {""denominator"": 50, ""missing_examples"": 0}, ""latency_ms"": {""denominator"": 50, ""missing_examples"": 0}, ""llm_call_count"": {""denominator"": 50, ""missing_examples"": 0}, ""output_tokens"": {""denominator"": 50, ""missing_examples"": 0}, ""provider_cost_usd"": {""denominator"": 50, ""missing_examples"": 0}, ""resolved_model"": {""denominator"": 50, ""missing_examples"": 0}, ""route_selected"": {""denominator"": 50, ""missing_examples"": 50}, ""total_tokens"": {""denominator"": 50, ""missing_examples"": 0}}"
by_dataset,tatqa,selective,Selective Nexus,50,50,0,0,114,2.28,1538.76,179.08,1717.84,0.045011736,0.00090023472,1.0,3080.297062500904,4881.987083704371,50,50,"{""success"": 50}","{""estimated_cost_usd"": {""denominator"": 50, ""missing_examples"": 0}, ""input_tokens"": {""denominator"": 50, ""missing_examples"": 0}, ""latency_ms"": {""denominator"": 50, ""missing_examples"": 0}, ""llm_call_count"": {""denominator"": 50, ""missing_examples"": 0}, ""output_tokens"": {""denominator"": 50, ""missing_examples"": 0}, ""provider_cost_usd"": {""denominator"": 50, ""missing_examples"": 0}, ""resolved_model"": {""denominator"": 50, ""missing_examples"": 0}, ""route_selected"": {""denominator"": 50, ""missing_examples"": 0}, ""total_tokens"": {""denominator"": 50, ""missing_examples"": 0}}"
by_dataset,convfinqa,direct,Direct,50,50,0,0,50,1.0,1360.72,8.14,1368.86,0.021214016999999998,0.00042428034,1.0,799.8680209966551,1197.9888062520326,50,50,"{""success"": 50}","{""estimated_cost_usd"": {""denominator"": 50, ""missing_examples"": 0}, ""input_tokens"": {""denominator"": 50, ""missing_examples"": 0}, ""latency_ms"": {""denominator"": 50, ""missing_examples"": 0}, ""llm_call_count"": {""denominator"": 50, ""missing_examples"": 0}, ""output_tokens"": {""denominator"": 50, ""missing_examples"": 0}, ""provider_cost_usd"": {""denominator"": 50, ""missing_examples"": 0}, ""resolved_model"": {""denominator"": 50, ""missing_examples"": 0}, ""route_selected"": {""denominator"": 50, ""missing_examples"": 50}, ""total_tokens"": {""denominator"": 50, ""missing_examples"": 0}}"
by_dataset,convfinqa,cot,CoT/PoT,50,50,0,0,50,1.0,1376.72,208.2,1584.92,0.046209042,0.00092418084,1.0,1580.350478998298,4218.41974634517,50,50,"{""success"": 50}","{""estimated_cost_usd"": {""denominator"": 50, ""missing_examples"": 0}, ""input_tokens"": {""denominator"": 50, ""missing_examples"": 0}, ""latency_ms"": {""denominator"": 50, ""missing_examples"": 0}, ""llm_call_count"": {""denominator"": 50, ""missing_examples"": 0}, ""output_tokens"": {""denominator"": 50, ""missing_examples"": 0}, ""provider_cost_usd"": {""denominator"": 50, ""missing_examples"": 0}, ""resolved_model"": {""denominator"": 50, ""missing_examples"": 0}, ""route_selected"": {""denominator"": 50, ""missing_examples"": 50}, ""total_tokens"": {""denominator"": 50, ""missing_examples"": 0}}"
by_dataset,convfinqa,nexus,Static Nexus,50,50,0,0,50,1.0,3384.14,69.76,3453.9,0.058887279,0.00117774558,1.0,1028.9803959967685,2299.242122251598,50,50,"{""success"": 50}","{""estimated_cost_usd"": {""denominator"": 50, ""missing_examples"": 0}, ""input_tokens"": {""denominator"": 50, ""missing_examples"": 0}, ""latency_ms"": {""denominator"": 50, ""missing_examples"": 0}, ""llm_call_count"": {""denominator"": 50, ""missing_examples"": 0}, ""output_tokens"": {""denominator"": 50, ""missing_examples"": 0}, ""provider_cost_usd"": {""denominator"": 50, ""missing_examples"": 0}, ""resolved_model"": {""denominator"": 50, ""missing_examples"": 0}, ""route_selected"": {""denominator"": 50, ""missing_examples"": 50}, ""total_tokens"": {""denominator"": 50, ""missing_examples"": 0}}"
by_dataset,convfinqa,react,ReAct,50,50,0,0,162,3.24,3568.0,328.34,3896.34,0.093616875,0.0018723375000000001,1.0,3943.3997080013796,7787.535054054023,50,50,"{""success"": 50}","{""estimated_cost_usd"": {""denominator"": 50, ""missing_examples"": 0}, ""input_tokens"": {""denominator"": 50, ""missing_examples"": 0}, ""latency_ms"": {""denominator"": 50, ""missing_examples"": 0}, ""llm_call_count"": {""denominator"": 50, ""missing_examples"": 0}, ""output_tokens"": {""denominator"": 50, ""missing_examples"": 0}, ""provider_cost_usd"": {""denominator"": 50, ""missing_examples"": 0}, ""resolved_model"": {""denominator"": 50, ""missing_examples"": 0}, ""route_selected"": {""denominator"": 50, ""missing_examples"": 50}, ""total_tokens"": {""denominator"": 50, ""missing_examples"": 0}}"
by_dataset,convfinqa,selective,Selective Nexus,50,50,0,0,122,2.44,3564.04,254.14,3818.18,0.084375819,0.00168751638,1.0,3421.9108125071216,8152.359949453965,50,50,"{""success"": 50}","{""estimated_cost_usd"": {""denominator"": 50, ""missing_examples"": 0}, ""input_tokens"": {""denominator"": 50, ""missing_examples"": 0}, ""latency_ms"": {""denominator"": 50, ""missing_examples"": 0}, ""llm_call_count"": {""denominator"": 50, ""missing_examples"": 0}, ""output_tokens"": {""denominator"": 50, ""missing_examples"": 0}, ""provider_cost_usd"": {""denominator"": 50, ""missing_examples"": 0}, ""resolved_model"": {""denominator"": 50, ""missing_examples"": 0}, ""route_selected"": {""denominator"": 50, ""missing_examples"": 0}, ""total_tokens"": {""denominator"": 50, ""missing_examples"": 0}}"
primary_3_dataset,aggregate,direct,Direct,150,150,0,0,150,1.0,1063.8666666666666,10.793333333333333,1074.66,0.051402285,0.0003426819,1.0,827.1802915005537,1272.776756253006,150,150,"{""success"": 150}","{""estimated_cost_usd"": {""denominator"": 150, ""missing_examples"": 0}, ""input_tokens"": {""denominator"": 150, ""missing_examples"": 0}, ""latency_ms"": {""denominator"": 150, ""missing_examples"": 0}, ""llm_call_count"": {""denominator"": 150, ""missing_examples"": 0}, ""output_tokens"": {""denominator"": 150, ""missing_examples"": 0}, ""provider_cost_usd"": {""denominator"": 150, ""missing_examples"": 0}, ""resolved_model"": {""denominator"": 150, ""missing_examples"": 0}, ""route_selected"": {""denominator"": 150, ""missing_examples"": 150}, ""total_tokens"": {""denominator"": 150, ""missing_examples"": 0}}"
primary_3_dataset,aggregate,cot,CoT/PoT,150,150,0,0,150,1.0,1079.8666666666666,201.35333333333332,1281.22,0.122860485,0.0008190699,1.0,1708.827353999368,3097.7126792018653,150,150,"{""success"": 150}","{""estimated_cost_usd"": {""denominator"": 150, ""missing_examples"": 0}, ""input_tokens"": {""denominator"": 150, ""missing_examples"": 0}, ""latency_ms"": {""denominator"": 150, ""missing_examples"": 0}, ""llm_call_count"": {""denominator"": 150, ""missing_examples"": 0}, ""output_tokens"": {""denominator"": 150, ""missing_examples"": 0}, ""provider_cost_usd"": {""denominator"": 150, ""missing_examples"": 0}, ""resolved_model"": {""denominator"": 150, ""missing_examples"": 0}, ""route_selected"": {""denominator"": 150, ""missing_examples"": 150}, ""total_tokens"": {""denominator"": 150, ""missing_examples"": 0}}"
primary_3_dataset,aggregate,nexus,Static Nexus,150,150,0,0,150,1.0,2708.6466666666665,88.12666666666667,2796.7733333333335,0.151476039,0.00100984026,1.0,1162.9312705008488,2247.6850347495188,150,150,"{""success"": 150}","{""estimated_cost_usd"": {""denominator"": 150, ""missing_examples"": 0}, ""input_tokens"": {""denominator"": 150, ""missing_examples"": 0}, ""latency_ms"": {""denominator"": 150, ""missing_examples"": 0}, ""llm_call_count"": {""denominator"": 150, ""missing_examples"": 0}, ""output_tokens"": {""denominator"": 150, ""missing_examples"": 0}, ""provider_cost_usd"": {""denominator"": 150, ""missing_examples"": 0}, ""resolved_model"": {""denominator"": 150, ""missing_examples"": 0}, ""route_selected"": {""denominator"": 150, ""missing_examples"": 150}, ""total_tokens"": {""denominator"": 150, ""missing_examples"": 0}}"
primary_3_dataset,aggregate,react,ReAct,150,150,0,0,446,2.973333333333333,2608.713333333333,284.62,2893.3333333333335,0.221883354,0.00147922236,1.0,3611.037375005253,7003.262233596248,150,150,"{""success"": 150}","{""estimated_cost_usd"": {""denominator"": 150, ""missing_examples"": 0}, ""input_tokens"": {""denominator"": 150, ""missing_examples"": 0}, ""latency_ms"": {""denominator"": 150, ""missing_examples"": 0}, ""llm_call_count"": {""denominator"": 150, ""missing_examples"": 0}, ""output_tokens"": {""denominator"": 150, ""missing_examples"": 0}, ""provider_cost_usd"": {""denominator"": 150, ""missing_examples"": 0}, ""resolved_model"": {""denominator"": 150, ""missing_examples"": 0}, ""route_selected"": {""denominator"": 150, ""missing_examples"": 150}, ""total_tokens"": {""denominator"": 150, ""missing_examples"": 0}}"
primary_3_dataset,aggregate,selective,Selective Nexus,150,150,0,0,329,2.1933333333333334,2681.42,215.28666666666666,2896.7066666666665,0.1982894463,0.001321929642,1.0,3044.8094794992357,7240.668892602115,150,150,"{""success"": 150}","{""estimated_cost_usd"": {""denominator"": 150, ""missing_examples"": 0}, ""input_tokens"": {""denominator"": 150, ""missing_examples"": 0}, ""latency_ms"": {""denominator"": 150, ""missing_examples"": 0}, ""llm_call_count"": {""denominator"": 150, ""missing_examples"": 0}, ""output_tokens"": {""denominator"": 150, ""missing_examples"": 0}, ""provider_cost_usd"": {""denominator"": 150, ""missing_examples"": 0}, ""resolved_model"": {""denominator"": 150, ""missing_examples"": 0}, ""route_selected"": {""denominator"": 150, ""missing_examples"": 0}, ""total_tokens"": {""denominator"": 150, ""missing_examples"": 0}}"
all_5_dataset,aggregate,direct,Direct,250,250,0,0,250,1.0,937.852,19.84,957.692,0.081911511,0.000327646044,1.0,846.8756664988177,1623.8501809508302,250,250,"{""success"": 250}","{""estimated_cost_usd"": {""denominator"": 250, ""missing_examples"": 0}, ""input_tokens"": {""denominator"": 250, ""missing_examples"": 0}, ""latency_ms"": {""denominator"": 250, ""missing_examples"": 0}, ""llm_call_count"": {""denominator"": 250, ""missing_examples"": 0}, ""output_tokens"": {""denominator"": 250, ""missing_examples"": 0}, ""provider_cost_usd"": {""denominator"": 250, ""missing_examples"": 0}, ""resolved_model"": {""denominator"": 250, ""missing_examples"": 0}, ""route_selected"": {""denominator"": 250, ""missing_examples"": 250}, ""total_tokens"": {""denominator"": 250, ""missing_examples"": 0}}"
all_5_dataset,aggregate,cot,CoT/PoT,250,250,0,0,250,1.0,953.852,242.356,1196.208,0.220781286,0.000883125144,1.0,1868.602437501977,4520.645575151501,250,250,"{""success"": 250}","{""estimated_cost_usd"": {""denominator"": 250, ""missing_examples"": 0}, ""input_tokens"": {""denominator"": 250, ""missing_examples"": 0}, ""latency_ms"": {""denominator"": 250, ""missing_examples"": 0}, ""llm_call_count"": {""denominator"": 250, ""missing_examples"": 0}, ""output_tokens"": {""denominator"": 250, ""missing_examples"": 0}, ""provider_cost_usd"": {""denominator"": 250, ""missing_examples"": 0}, ""resolved_model"": {""denominator"": 250, ""missing_examples"": 0}, ""route_selected"": {""denominator"": 250, ""missing_examples"": 250}, ""total_tokens"": {""denominator"": 250, ""missing_examples"": 0}}"
all_5_dataset,aggregate,nexus,Static Nexus,250,250,0,0,250,1.0,2433.296,113.98,2547.276,0.249286158,0.000997144632,1.0,1214.9631879983644,2984.0529124980094,250,250,"{""success"": 250}","{""estimated_cost_usd"": {""denominator"": 250, ""missing_examples"": 0}, ""input_tokens"": {""denominator"": 250, ""missing_examples"": 0}, ""latency_ms"": {""denominator"": 250, ""missing_examples"": 0}, ""llm_call_count"": {""denominator"": 250, ""missing_examples"": 0}, ""output_tokens"": {""denominator"": 250, ""missing_examples"": 0}, ""provider_cost_usd"": {""denominator"": 250, ""missing_examples"": 0}, ""resolved_model"": {""denominator"": 250, ""missing_examples"": 0}, ""route_selected"": {""denominator"": 250, ""missing_examples"": 250}, ""total_tokens"": {""denominator"": 250, ""missing_examples"": 0}}"
all_5_dataset,aggregate,react,ReAct,250,250,0,0,758,3.032,2582.284,355.1,2937.384,0.410359455,0.00164143782,1.0,3894.5584789980785,8240.78305245893,250,250,"{""success"": 250}","{""estimated_cost_usd"": {""denominator"": 250, ""missing_examples"": 0}, ""input_tokens"": {""denominator"": 250, ""missing_examples"": 0}, ""latency_ms"": {""denominator"": 250, ""missing_examples"": 0}, ""llm_call_count"": {""denominator"": 250, ""missing_examples"": 0}, ""output_tokens"": {""denominator"": 250, ""missing_examples"": 0}, ""provider_cost_usd"": {""denominator"": 250, ""missing_examples"": 0}, ""resolved_model"": {""denominator"": 250, ""missing_examples"": 0}, ""route_selected"": {""denominator"": 250, ""missing_examples"": 250}, ""total_tokens"": {""denominator"": 250, ""missing_examples"": 0}}"
all_5_dataset,aggregate,selective,Selective Nexus,250,250,0,0,628,2.512,2560.672,305.652,2866.324,0.3781590813,0.0015126363252,1.0,3736.360707996937,7966.393933306242,250,250,"{""success"": 250}","{""estimated_cost_usd"": {""denominator"": 250, ""missing_examples"": 0}, ""input_tokens"": {""denominator"": 250, ""missing_examples"": 0}, ""latency_ms"": {""denominator"": 250, ""missing_examples"": 0}, ""llm_call_count"": {""denominator"": 250, ""missing_examples"": 0}, ""output_tokens"": {""denominator"": 250, ""missing_examples"": 0}, ""provider_cost_usd"": {""denominator"": 250, ""missing_examples"": 0}, ""resolved_model"": {""denominator"": 250, ""missing_examples"": 0}, ""route_selected"": {""denominator"": 250, ""missing_examples"": 0}, ""total_tokens"": {""denominator"": 250, ""missing_examples"": 0}}"
