item_id,dataset,example_id,selection,sample_rank_hash,correctness_pattern,ground_truth,category,confidence,ambiguity,manual_review_required,label_source,classification_evidence,static_answer,static_correct_exact,static_failure_signal,static_llm_calls,static_retrieval_operations,static_trace_sha256,static_search_queries,react_answer,react_correct_exact,react_failure_signal,react_llm_calls,react_retrieval_operations,react_trace_sha256,react_actions
financebench:financebench_id_00080,financebench,financebench_id_00080,one_sided,,static_only,Yes. Paypal has a positive working capital of $ 1.6Bn as of FY2022 end.,abstained_after_retrieval,high,false,false,deterministic_trace_rule_v1,answer expressed abstention after 2 retrieval operations,"Yes, Paypal has positive working capital of $12,416 million based on FY2022 data.",true,none,1,3,sha256:f748fc4514a7ca3719bec7dbb35c0272c247ffb441ec88d8716f6567f56c3b2a,[],UNKNOWN,false,abstained_after_retrieval,3,2,sha256:998a718930a8930b41e65ee56b28d6085de0d94a63a50b510a5ef7de0bc814b8,"[{""step"": 1, ""action"": ""Search[\""PayPal FY2022 current assets current liabilities\""]""}, {""step"": 2, ""action"": ""Lookup[PAYPAL_2022_10K]""}, {""step"": 3, ""action"": ""Finish[UNKNOWN]""}]"
financebench:financebench_id_00215,financebench,financebench_id_00215,one_sided,,static_only,"Yes. Verizon's capital intensity ratio was approximately 2.774729. This means that it took approximately $2.77 of assets to generate $1 of revenue and thus, Verizon can be considered capital intensive.",forced_nontermination,high,false,false,deterministic_trace_rule_v1,seven model calls were followed by adapter-added Finish[UNKNOWN],Yes,true,none,1,3,sha256:5299cc716f1d457ce264cfdfa90811a25a0ed4dba8467f43b8f8c60f6084e987,[],UNKNOWN,false,forced_nontermination,7,7,sha256:811859763f2cbc991c388cd0078fd85a8bd828a652c4e5e6f335514371bac6ad,"[{""step"": 1, ""action"": ""Search[\""Verizon FY 2022 capital expenditures revenue\""]""}, {""step"": 2, ""action"": ""Search[\""Verizon FY 2022 capital expenditures\""]""}, {""step"": 3, ""action"": ""Search[\""Verizon FY 2022 capital expenditures cash flow statement\""]""}, {""step"": 4, ""action"": ""Search[\""VERIZON_2022_10K cash flow statement capital expenditures\""]""}, {""step"": 5, ""action"": ""Lookup[VERIZON_2022_10K]""}, {""step"": 6, ""action"": ""Search[\""VERIZON_2022_10K capital expenditures\""]""}, {""step"": 7, ""action"": ""Search[\""Verizon 2022 capital expenditures\""]""}, {""step"": 8, ""action"": ""Finish[UNKNOWN]""}]"
financebench:financebench_id_00302,financebench,financebench_id_00302,one_sided,,static_only,"Yes, change in PPNE was positive year over year",substantive_answer_mismatch,medium,true,true,deterministic_trace_rule_v1,non-abstaining answer was rejected and no narrower deterministic signal fired,Yes,true,none,1,3,sha256:27a468e7cc3db2732836230fddafe97949b0e09858d52aaaca420fb14684f1df,[],"Pfizer's Property, Plant and Equipment (PPNE) in FY20 was $13,745 million and in FY21 it was $14,882 million. To calculate the growth: $14,882 - $13,745 = $1,137 million. Therefore, Pfizer grew its PPNE by $1,137 million between FY20 and FY21.",false,substantive_answer_mismatch,7,6,sha256:35b7d32ad4506188452c75e69661393bafe7cfed0d71efd93e0bc9bdb85b5d3c,"[{""step"": 1, ""action"": ""Search[\""Pfizer PPNE FY20 FY21\""]""}, {""step"": 2, ""action"": ""Lookup[\""Property, plant and equipment\""]""}, {""step"": 3, ""action"": ""Lookup[1]""}, {""step"": 4, ""action"": ""Lookup[2]""}, {""step"": 5, ""action"": ""Lookup[2]""}, {""step"": 6, ""action"": ""Lookup[2]""}, {""step"": 7, ""action"": ""Finish[Pfizer's Property, Plant and Equipment (PPNE) in FY20 was $13,745 million and in FY21 it was $14,882 million. To calculate the growth: $14,882 - $13,745 = $1,137 million. Therefore, Pfizer grew its PPNE by $1,137 million between FY20 and FY21.]""}]"
financebench:financebench_id_00566,financebench,financebench_id_00566,one_sided,,static_only,No. Verizon's debt decreased by $229 million.,scorer_sensitive_candidate,medium,true,true,deterministic_trace_rule_v1,reference_numeric_value_appears_in_prediction,No,true,none,1,3,sha256:b765943a9516b6d0d88257e29cb385b55c93a2d753c3622050085898e54ac672,[],"Verizon's total debt decreased from $150,868 million in 2021 to $150,639 million in 2022. Therefore, Verizon did not increase its debt on the balance sheet between 2022 and the 2021 fiscal period; it decreased by $229 million.",false,scorer_sensitive_candidate,3,2,sha256:4e6c0835037536e27916b67566adde9815fb19eedb9e76c395d306b8f84c58fd,"[{""step"": 1, ""action"": ""Search[\""Verizon debt on balance sheet 2022 vs 2021\""]""}, {""step"": 2, ""action"": ""Lookup[Total debt]""}, {""step"": 3, ""action"": ""Finish[Verizon's total debt decreased from $150,868 million in 2021 to $150,639 million in 2022. Therefore, Verizon did not increase its debt on the balance sheet between 2022 and the 2021 fiscal period; it decreased by $229 million.]""}]"
financebench:financebench_id_00724,financebench,financebench_id_00724,one_sided,,static_only,Developed Rest of the World,substantive_answer_mismatch,medium,true,true,deterministic_trace_rule_v1,non-abstaining answer was rejected and no narrower deterministic signal fired,Developed Rest of World,true,none,1,3,sha256:cb23c248c18d5a065477819452621df4887dbd7205fab7d67b877f0df1c86ba1,[],Developed Rest of World with a (74)% drop.,false,substantive_answer_mismatch,3,2,sha256:38584c2eb0646ae3737bbd9a6e7f283980369a16f4a91ae557f7ebe03630bb1b,"[{""step"": 1, ""action"": ""Search[\""Pfizer Q2 2023 revenue by geographic region\""]""}, {""step"": 2, ""action"": ""Lookup[Pfizer_2023Q2_10Q]""}, {""step"": 3, ""action"": ""Finish[Developed Rest of World with a (74)% drop.]""}]"
financebench:financebench_id_02416,financebench,financebench_id_02416,one_sided,,static_only,"Trillium, Array, and Therachon",scorer_sensitive_candidate,medium,true,true,deterministic_trace_rule_v1,normalized_reference_span_appears_in_prediction,"Trillium, Array, and Therachon",true,none,1,2,sha256:3eb49162baefd82e43404765446dbc38485651dd05a4517eb0be793ea9c9abf8,[],"Three main companies acquired by Pfizer mentioned in the 10K report are Trillium, Array, and Therachon.",false,scorer_sensitive_candidate,2,1,sha256:b85a071955c83a189ebf59752d50deaeb1558f8b9897724a2c16666b62facc18,"[{""step"": 1, ""action"": ""Search[\""companies acquired by Pfizer\""]""}, {""step"": 2, ""action"": ""Finish[Three main companies acquired by Pfizer mentioned in the 10K report are Trillium, Array, and Therachon.]""}]"
financebench:financebench_id_03029,financebench,financebench_id_03029,one_sided,,static_only,$1577.00,scorer_sensitive_candidate,medium,true,true,deterministic_trace_rule_v1,reference_numeric_value_appears_in_prediction,"1,577",true,none,1,3,sha256:a66ec2b40a50c869863c231b98dc48ecb8ee740afe83edd2168e41cc4ce18e9f,[],"The FY2018 capital expenditure amount for 3M is 1,577 USD millions.",false,scorer_sensitive_candidate,4,3,sha256:454a16f1494c8ff040a1baa4e23b28e5c92ad6ac1ececf373d80cb8629ef701e,"[{""step"": 1, ""action"": ""Search[\""3M FY2018 cash flow statement capital expenditure\""]""}, {""step"": 2, ""action"": ""Lookup[\""Purchases of property, plant and equipment (PP&E)\""]""}, {""step"": 3, ""action"": ""Lookup[\""Purchases of property, plant and equipment (PP&E)\""]""}, {""step"": 4, ""action"": ""Finish[The FY2018 capital expenditure amount for 3M is 1,577 USD millions.]""}]"
financebench:financebench_id_03031,financebench,financebench_id_03031,one_sided,,static_only,$5818.00,scorer_sensitive_candidate,medium,true,true,deterministic_trace_rule_v1,reference_numeric_value_appears_in_prediction,"5,818 USD millions",true,none,1,3,sha256:99ef38da3a6226c2750a2c22b14bf27ead94de64e1f787361e4292db56fd988f,[],"Lockheed Martin's FY2021 net working capital is $5,818 million.",false,scorer_sensitive_candidate,5,4,sha256:0ed201f08882599e334c6af1d457416c8493ac60d9d4a3af3d03df9b9923d363,"[{""step"": 1, ""action"": ""Search[\""Lockheed Martin FY2021 balance sheet\""]""}, {""step"": 2, ""action"": ""Lookup[Total current assets]""}, {""step"": 3, ""action"": ""Lookup[Total current liabilities]""}, {""step"": 4, ""action"": ""Search[\""Lockheed Martin FY2021 Total current assets\"" \""Lockheed Martin FY2021 Total current liabilities\""]""}, {""step"": 5, ""action"": ""Finish[Lockheed Martin's FY2021 net working capital is $5,818 million.]""}]"
financebench:financebench_id_03473,financebench,financebench_id_03473,one_sided,,static_only,0.01,substantive_answer_mismatch,medium,true,true,deterministic_trace_rule_v1,non-abstaining answer was rejected and no narrower deterministic signal fired,0.01,true,none,1,3,sha256:c08ebff53577032c6b35fdd5add2280702929c36e16cefbbf091486f7f7a0c7f,[],"""The FY2017 return on assets (ROA) for Coca Cola is 1.42%. This is calculated as: $1,248 million (FY2017 net income) / (($87,270 million (FY2016 total assets) + $87,896 million (FY2017 total assets)) / 2) = 0.0142499... which rounds to 1.42%.""",false,substantive_answer_mismatch,3,2,sha256:95e014ee058515585cfce61a1e97f90a646ab3cfe991193a27393beec05751ec,"[{""step"": 1, ""action"": ""Search[\""Coca Cola FY2017 net income\""]""}, {""step"": 2, ""action"": ""Lookup[\""FY2017 net income\""]""}, {""step"": 3, ""action"": ""Finish[\""The FY2017 return on assets (ROA) for Coca Cola is 1.42%. This is calculated as: $1,248 million (FY2017 net income) / (($87,270 million (FY2016 total assets) + $87,896 million (FY2017 total assets)) / 2) = 0.0142499... which rounds to 1.42%.\""]""}]"
financebench:financebench_id_03620,financebench,financebench_id_03620,one_sided,,static_only,$9068.00,scorer_sensitive_candidate,medium,true,true,deterministic_trace_rule_v1,reference_numeric_value_appears_in_prediction,"9,068 USD millions",true,none,1,3,sha256:d1dd38a246a2d86dc53d40bd453d2554c777daccb4f2ebc6b6dc0721608ac637,[],"The FY2022 unadjusted EBITDA less capex for PepsiCo is $9,068 million.",false,scorer_sensitive_candidate,3,2,sha256:e92f1841deb35b773f0a206c839228bc5d2cb9465e58963e5fc54f649d77892c,"[{""step"": 1, ""action"": ""Search[\""PepsiCo FY2022 income statement operating income\""]""}, {""step"": 2, ""action"": ""Lookup[\""Operating Profit\""]""}, {""step"": 3, ""action"": ""Finish[The FY2022 unadjusted EBITDA less capex for PepsiCo is $9,068 million.]""}]"
financebench:financebench_id_03849,financebench,financebench_id_03849,one_sided,,static_only,7.9%,abstained_after_retrieval,high,false,false,deterministic_trace_rule_v1,answer expressed abstention after 1 retrieval operations,7.9%,true,none,1,3,sha256:46f9c0126aa37bb9ef8093944af11c10a7618b949a90b6a0041d066b501b08c4,[],UNKNOWN,false,abstained_after_retrieval,2,1,sha256:40fbf7badc77a5b10d9ca8e8c357853f692dfba5a39c2c11689b95afaf70d4fe,"[{""step"": 1, ""action"": ""Search[\""MGM Resorts financial statements FY2018 FY2019 FY2020\""]""}, {""step"": 2, ""action"": ""Finish[UNKNOWN]""}]"
financebench:financebench_id_04700,financebench,financebench_id_04700,one_sided,,static_only,$32780.00,scorer_sensitive_candidate,medium,true,true,deterministic_trace_rule_v1,reference_numeric_value_appears_in_prediction,"32,780 USD millions",true,none,1,3,sha256:4bea5794f6ad1cc4db4a7d08f25cde6aadad927ed96e7ec67dd6ff491d77c3c2,[],"The FY2016 COGS for Microsoft is $32,780 million.",false,scorer_sensitive_candidate,4,3,sha256:cddfe2c38e4af4db6c5eb72c53bd27ec4f85e4aed359be8241b9f47b2fff399c,"[{""step"": 1, ""action"": ""Search[\""Microsoft FY2016 statement of income\""]""}, {""step"": 2, ""action"": ""Lookup[Cost of revenue]""}, {""step"": 3, ""action"": ""Lookup[Total cost of revenue]""}, {""step"": 4, ""action"": ""Finish[The FY2016 COGS for Microsoft is $32,780 million.]""}]"
financebench:financebench_id_06655,financebench,financebench_id_06655,one_sided,,static_only,93.86,abstained_after_retrieval,high,false,false,deterministic_trace_rule_v1,answer expressed abstention after 3 retrieval operations,93.86,true,none,1,3,sha256:415bff351401a66bc114156532ef559eb18e770d759e19848563178661f2e455,[],UNKNOWN,false,abstained_after_retrieval,4,3,sha256:e54670badac043e72f93845fda5ce1b1e8727e864ef6184ce1dc5eab66c588b7,"[{""step"": 1, ""action"": ""Search[Amazon balance sheet and P&L statement]""}, {""step"": 2, ""action"": ""Lookup[Accounts payable, Inventories, Cost of sales]""}, {""step"": 3, ""action"": ""Lookup[Accounts payable]""}, {""step"": 4, ""action"": ""Finish[UNKNOWN]""}]"
financebench:financebench_id_00521,financebench,financebench_id_00521,both_wrong_frozen_sample,031c9e9673fc764c5fab99a7f2637d2ef2bcf709c5e2cfe131f9f9b4434bf847,both_wrong,Ulta Beauty did not make any acquisitions in FY2023 and FY2022.,mixed_or_ambiguous,low,true,true,deterministic_trace_rule_v1,Static signal=abstained_after_retrieval; ReAct signal=substantive_answer_mismatch,UNKNOWN,false,abstained_after_retrieval,1,3,sha256:d6d7938787099066714fd34b2d5b1f938f06fe86f5552dab26777df233ec0652,[],"In FY2023, Ulta Beauty had no acquisitions. In FY2022, Ulta Beauty had acquisitions, net of cash acquired, totaling $(1,220) thousand.",false,substantive_answer_mismatch,3,2,sha256:52993031cbc8ca4e9434f513adfb30726de16cb17a4e49532bc8a7a880a1eda4,"[{""step"": 1, ""action"": ""Search[Ulta Beauty acquisitions FY2023 FY2022]""}, {""step"": 2, ""action"": ""Lookup[Acquisitions, net of cash acquired]""}, {""step"": 3, ""action"": ""Finish[In FY2023, Ulta Beauty had no acquisitions. In FY2022, Ulta Beauty had acquisitions, net of cash acquired, totaling $(1,220) thousand.]""}]"
financebench:financebench_id_00723,financebench,financebench_id_00723,both_wrong_frozen_sample,063a424def486ff16b09dc538c8cc103a53bd1563daa73531b10ad549c93bb50,both_wrong,Performance is not measured through operating margin,mixed_or_ambiguous,low,true,true,deterministic_trace_rule_v1,Static signal=substantive_answer_mismatch; ReAct signal=abstained_after_retrieval,No,false,substantive_answer_mismatch,1,3,sha256:f37c82d7e6b800c91b978af6d9646be045c504cfbfab45666831219e63dc5045,[],UNKNOWN,false,abstained_after_retrieval,2,1,sha256:b2954b09aa4e942142309c4eccac0831a017b27f14d3a243768c5eb8bb66c815,"[{""step"": 1, ""action"": ""Search[\""AMEX operating margin 2022\""]""}, {""step"": 2, ""action"": ""Finish[UNKNOWN]""}]"
financebench:financebench_id_00882,financebench,financebench_id_00882,both_wrong_frozen_sample,128edcc345cfbe633880fbd2f4c4e80e5cd055f7a59085b7846a54ead5a37ff1,both_wrong,"Total amount Pepsico may borrow under unsecured revolving credit agreements = $8,400,000,000.",substantive_answer_mismatch,medium,true,true,deterministic_trace_rule_v1,non-abstaining answer was rejected and no narrower deterministic signal fired,"$4,200,000,000",false,substantive_answer_mismatch,1,3,sha256:acec31cf3092966a517588ee7a3046160f5a90a005297caf02282d966901ef6f,[],"As of May 26, 2023, PepsiCo may borrow up to $4,200,000,000 under its new 364-day unsecured revolving credit agreement.",false,substantive_answer_mismatch,3,2,sha256:2e1553ce2ba9be9ba62abdd831eb8a3d5e1abb260518ae6661c6f714e06905df,"[{""step"": 1, ""action"": ""Search[\""Pepsico unsecured revolving credit agreements May 26 2023\""]""}, {""step"": 2, ""action"": ""Lookup[\""2023 364 Day Credit Agreement\""]""}, {""step"": 3, ""action"": ""Finish[As of May 26, 2023, PepsiCo may borrow up to $4,200,000,000 under its new 364-day unsecured revolving credit agreement.]""}]"
financebench:financebench_id_01028,financebench,financebench_id_01028,both_wrong_frozen_sample,1a18b0e0f57d12a37d5f9c8310e8f7e223ffa466fd878f4520cafebf70cee383,both_wrong,"United States, EMEA, APAC, and LACC",scorer_sensitive_candidate,medium,true,true,deterministic_trace_rule_v1,normalized_reference_span_appears_in_prediction,"As of 2022, American Express primarily operates in the United States, EMEA, APAC, and LACC.",false,scorer_sensitive_candidate,1,3,sha256:991214f8c8b325ef685149e7e1052479494c801f2c34536aa41d2071b32075dd,[],"The primary geographies that American Express operates in as of 2022 are United States, EMEA, APAC, and LACC.",false,scorer_sensitive_candidate,2,1,sha256:74918c09b7c73f632eae7687a6ea35849fc13fbb2e55ed2796af660f9c95c2dc,"[{""step"": 1, ""action"": ""Search[\""American Express primary geographies 2022\""]""}, {""step"": 2, ""action"": ""Finish[The primary geographies that American Express operates in as of 2022 are United States, EMEA, APAC, and LACC.]""}]"
financebench:financebench_id_01346,financebench,financebench_id_01346,both_wrong_frozen_sample,21d6ca1e2c0e44df76efba536467c93458f1993b22aeeadeff19172b5fc1a84e,both_wrong,The effective tax rate of Corning has changed from 20% in FY2021 to 23% in FY 2022.,mixed_or_ambiguous,low,true,true,deterministic_trace_rule_v1,Static signal=substantive_answer_mismatch; ReAct signal=scorer_sensitive_candidate,The effective tax rate of Corning increased by 3% between FY2021 and FY2022.,false,substantive_answer_mismatch,1,3,sha256:9b8464e14bdabba50885533ceb68f63e5310bd2ff386d74c2f65c3f625fedbe7,[],The effective tax rate of Corning changed by 3% (23% - 20%) between FY2021 and FY2022.,false,scorer_sensitive_candidate,3,2,sha256:cbe73f6d3ac3689d2966b9182cd83cfc88e2c6b08d1a172ff28bf53677cca3ed,"[{""step"": 1, ""action"": ""Search[\""Corning effective tax rate FY2021 FY2022\""]""}, {""step"": 2, ""action"": ""Lookup[Effective tax rate]""}, {""step"": 3, ""action"": ""Finish[The effective tax rate of Corning changed by 3% (23% - 20%) between FY2021 and FY2022.]""}]"
finqa:finqa152,finqa,finqa152,one_sided,,react_only,0.09884,scorer_sensitive_candidate,medium,true,true,deterministic_trace_rule_v1,rounded_reference_numeric_value_appears_in_prediction,9.88%,false,scorer_sensitive_candidate,1,3,sha256:f7fdafe9906823d4eed304a6cf62d6a0a1d8e0db56e1581cb57b4bd4d2b8b78e,[],9.88372093%,true,none,2,1,sha256:2f3c0d8477bff7feb97be11521ad97d9484282b5eb6b8464c3b8590991015a67,"[{""step"": 1, ""action"": ""Search[\""fuel hedge fair value\""]""}, {""step"": 2, ""action"": ""Finish[9.88372093%]""}]"
finqa:finqa247,finqa,finqa247,one_sided,,static_only,yes,abstained_after_retrieval,high,false,false,deterministic_trace_rule_v1,answer expressed abstention after 5 retrieval operations,Yes,true,none,1,3,sha256:097e19085828e7349c6ff876e2b02ae0a78d90e152385182423f37168b8db391,[],"The available information does not provide the total distributions to shareholders (dividends paid, share repurchases) or debtholders (interest expense, debt repayments) for 2011. Therefore, it is not possible to determine if the company distributed more to shareholders than debtholders in 2011.",false,abstained_after_retrieval,6,5,sha256:a2bcd59d2ba6cbe9ca294dc66f713ada4a93a9f74041c5676b34053e38643e73,"[{""step"": 1, ""action"": ""Search[\""2011 distributions to shareholders and debtholders\""]""}, {""step"": 2, ""action"": ""Search[\""2011 dividends paid share repurchases interest expense debt repayments\""]""}, {""step"": 3, ""action"": ""Search[\""2011 cash flow statement financing activities interest expense\""]""}, {""step"": 4, ""action"": ""Search[\""2011 cash flow statement dividends paid share repurchases interest expense debt repayments\""]""}, {""step"": 5, ""action"": ""Search[\""2011 cash flow statement dividends paid share repurchases interest expense debt repayments\""]""}, {""step"": 6, ""action"": ""Finish[The available information does not provide the total distributions to shareholders (dividends paid, share repurchases) or debtholders (interest expense, debt repayments) for 2011. Therefore, it is not possible to determine if the company distributed more to shareholders than debtholders in 2011.]""}]"
finqa:finqa289,finqa,finqa289,one_sided,,static_only,0.7893,abstained_after_retrieval,high,false,false,deterministic_trace_rule_v1,answer expressed abstention after 2 retrieval operations,78.93%,true,none,1,2,sha256:d2f55f420e84caf49044a095e5341088b230944b1a53a69e9c55f6c61ce986f0,[],UNKNOWN,false,abstained_after_retrieval,3,2,sha256:ce7ef93e5c83363b809e89126c60cc452f19b0f0ab7eb302ca8da4d681b2eead,"[{""step"": 1, ""action"": ""Search[\""Ball Corporation total shareholder return 2005-2010\""]""}, {""step"": 2, ""action"": ""Lookup[Ball Corporation]""}, {""step"": 3, ""action"": ""Finish[UNKNOWN]""}]"
finqa:finqa336,finqa,finqa336,one_sided,,static_only,30.0,abstained_after_retrieval,high,false,false,deterministic_trace_rule_v1,answer expressed abstention after 2 retrieval operations,$30.00,true,none,1,3,sha256:2d0fce6050eaa16abba39dee88ee25efa59c1137abe4bfb79984e2cb3d961e3e,[],UNKNOWN,false,abstained_after_retrieval,3,2,sha256:33c8d7aae8e04040b2d0f552e0e747280d88b6d07407971e7dc33ad43ade4ed0,"[{""step"": 1, ""action"": ""Search[\""company common stock price Q3 2016\""]""}, {""step"": 2, ""action"": ""Lookup[\""Evidence 1.2\""]""}, {""step"": 3, ""action"": ""Finish[UNKNOWN]""}]"
finqa:finqa36,finqa,finqa36,one_sided,,static_only,-0.0339,abstained_after_retrieval,high,false,false,deterministic_trace_rule_v1,answer expressed abstention after 2 retrieval operations,-3.39%,true,none,1,3,sha256:a940a4f855285fba76c8903f8cfdf69fccb0d33ddbeffc30682ce560a8d0cf2a,[],UNKNOWN,false,abstained_after_retrieval,3,2,sha256:a7c4e94428a6c9a0eb341e17479a46a9678fd2b0133e2d0c15c194a57abbfc71,"[{""step"": 1, ""action"": ""Search[\""total debt 2014 2015\""]""}, {""step"": 2, ""action"": ""Lookup[\""total debt\""]""}, {""step"": 3, ""action"": ""Finish[UNKNOWN]""}]"
finqa:finqa386,finqa,finqa386,one_sided,,react_only,1.71179,scorer_sensitive_candidate,medium,true,true,deterministic_trace_rule_v1,rounded_reference_numeric_value_appears_in_prediction,1.7117,false,scorer_sensitive_candidate,1,3,sha256:766c449d26870324bfc41df74fcff03b4ebb88a46f3b930efcd3a40bb55a34a8,[],1.71179,true,none,4,3,sha256:fde5878e80892e5350ab777e6a3bca90dae2f0808266bdc04099491d3a47e986,"[{""step"": 1, ""action"": ""Search[\""annual cash sinking fund requirements debt outstanding 2002\""]""}, {""step"": 2, ""action"": ""Lookup[annual cash sinking fund requirements]""}, {""step"": 3, ""action"": ""Lookup[2004]""}, {""step"": 4, ""action"": ""Finish[1.71179]""}]"
finqa:finqa428,finqa,finqa428,one_sided,,static_only,0.1931,abstained_after_retrieval,high,false,false,deterministic_trace_rule_v1,answer expressed abstention after 1 retrieval operations,19.31%,true,none,1,2,sha256:77f20c5aa0ee3ece6a7c6c18459304eafe055ad26934a3ce146d9b8cd8b19643,[],UNKNOWN,false,abstained_after_retrieval,2,1,sha256:733b50627702fd7de5c49974de62f72bfa71be7567539a0a769481ad74627f0a,"[{""step"": 1, ""action"": ""Search[\""contingent acquisition obligation\""]""}, {""step"": 2, ""action"": ""Finish[UNKNOWN]""}]"
finqa:finqa435,finqa,finqa435,one_sided,,static_only,0.4,abstained_after_retrieval,high,false,false,deterministic_trace_rule_v1,answer expressed abstention after 1 retrieval operations,40%,true,none,1,2,sha256:d6b491cf88c4b3d9862b3995743ebfea24bdc4d1a6e8ca220a654d34496e1d6c,[],UNKNOWN,false,abstained_after_retrieval,2,1,sha256:942852eb2fe37d465d1f8522f8d268e35308e1086d4b17e6aab54dfddefbb2f7,"[{""step"": 1, ""action"": ""Search[\""multi-currency line of credit increase potential\""]""}, {""step"": 2, ""action"": ""Finish[UNKNOWN]""}]"
finqa:finqa460,finqa,finqa460,one_sided,,static_only,0.00563,abstained_after_retrieval,high,false,false,deterministic_trace_rule_v1,answer expressed abstention after 1 retrieval operations,0.563%,true,none,1,2,sha256:6c216f3b091b4f11a432544c8e23d3a12c65871135564d919b8ce7ff805af6a6,[],UNKNOWN,false,abstained_after_retrieval,2,1,sha256:288f68f6b1c7243bc2beaa75e82cec0ce0973b54311162c7f7ef3d3f146f8a4f,"[{""step"": 1, ""action"": ""Search[\""common stock plans vertex 401(k)\""]""}, {""step"": 2, ""action"": ""Finish[UNKNOWN]""}]"
finqa:finqa515,finqa,finqa515,one_sided,,static_only,-8683.0,scorer_sensitive_candidate,medium,true,true,deterministic_trace_rule_v1,reference_numeric_value_appears_in_prediction,-8683,true,none,1,3,sha256:9164391538e42f8fb084fa4b96927eec8d5e4f53155019370ce0d312529fbf91,[],-8683 million,false,scorer_sensitive_candidate,6,5,sha256:f44be8e200d931d2eabced721008c3d848c46415b41c50219cd1d065ff97457d,"[{""step"": 1, ""action"": ""Search[\""interest rate hedges\""]""}, {""step"": 2, ""action"": ""Lookup[\""interest rate hedges\""]""}, {""step"": 3, ""action"": ""Lookup[3]""}, {""step"": 4, ""action"": ""Lookup[3]""}, {""step"": 5, ""action"": ""Lookup[3]""}, {""step"": 6, ""action"": ""Finish[-8683 million]""}]"
finqa:finqa532,finqa,finqa532,one_sided,,react_only,-0.21053,scorer_sensitive_candidate,medium,true,true,deterministic_trace_rule_v1,rounded_reference_numeric_value_appears_in_prediction,-21.05%,false,scorer_sensitive_candidate,1,3,sha256:a95f3d26443e6fb3dec1a307ec6739c81d53074939e835797bff77c9a40a262d,[],-21.052631578%,true,none,2,1,sha256:ca7c2a6001040cbad410abcec5bfb09addcde30b5e3c553ac842117964f08e33,"[{""step"": 1, ""action"": ""Search[\""unamortized debt issuance costs senior notes\""]""}, {""step"": 2, ""action"": ""Finish[-21.052631578%]""}]"
finqa:finqa625,finqa,finqa625,one_sided,,static_only,117.0,unexecuted_calculation,high,false,false,deterministic_trace_rule_v1,submitted answer is an arithmetic expression without an evaluated result,$117.0,true,none,1,3,sha256:2c108f4f2407b500a3dd5140dc5ff558bd52109cc02764f943152bac74b66533,[],(121.1 + 97.5 + 132.4) / 3,false,unexecuted_calculation,3,2,sha256:246f837a1e42359eedd971534f5e8d13a20375ba57837e981a85a4a693118b14,"[{""step"": 1, ""action"": ""Search[\""cash paid for interest\""]""}, {""step"": 2, ""action"": ""Lookup[\""cash paid for interest\""]""}, {""step"": 3, ""action"": ""Finish[(121.1 + 97.5 + 132.4) / 3]""}]"
finqa:finqa662,finqa,finqa662,one_sided,,static_only,0.4,abstained_after_retrieval,high,false,false,deterministic_trace_rule_v1,answer expressed abstention after 1 retrieval operations,40%,true,none,1,2,sha256:77eba727d7127d8f7beb3337800dca3191a5377e45d591e9eb20fa72bb23238e,[],UNKNOWN,false,abstained_after_retrieval,2,1,sha256:aa207516fdabb335d4b007850c9bcb23c555d227346fc83457dd75468e7d2e90,"[{""step"": 1, ""action"": ""Search[\""CME line of credit\""]""}, {""step"": 2, ""action"": ""Finish[UNKNOWN]""}]"
finqa:finqa693,finqa,finqa693,one_sided,,static_only,0.72665,abstained_after_retrieval,high,false,false,deterministic_trace_rule_v1,answer expressed abstention after 1 retrieval operations,0.72665,true,none,1,3,sha256:4860dc85a886580162e5773b2369b48f9d385d0e93a2540ac497f9a081b46711,[],UNKNOWN,false,abstained_after_retrieval,2,1,sha256:0366c793ffe2437a82ddd3592180a787ebef44a2760f20ffeb5b34054885816f,"[{""step"": 1, ""action"": ""Search[\""minimum total assets available for default assessment powers\""]""}, {""step"": 2, ""action"": ""Finish[UNKNOWN]""}]"
finqa:finqa706,finqa,finqa706,one_sided,,static_only,-0.006,abstained_after_retrieval,high,false,false,deterministic_trace_rule_v1,answer expressed abstention after 2 retrieval operations,-0.6%,true,none,1,3,sha256:ffacae403a089fbd41f227daf68435f9fd94f2d250626b2149bbb6593f250c7a,[],UNKNOWN,false,abstained_after_retrieval,3,2,sha256:f1f0cfccbf9f8fe7644676c3f130cb134a31ea8dc3de88e6bc90ed003dae17f5,"[{""step"": 1, ""action"": ""Search[\""operating profit margins as adjusted 2017 2018\""]""}, {""step"": 2, ""action"": ""Lookup[\""operating profit margins as adjusted\""]""}, {""step"": 3, ""action"": ""Finish[UNKNOWN]""}]"
finqa:finqa868,finqa,finqa868,one_sided,,static_only,-16.0,abstained_after_retrieval,high,false,false,deterministic_trace_rule_v1,answer expressed abstention after 3 retrieval operations,-16,true,none,1,3,sha256:83eecf5c03430ae69a1a68d493df6f8fb1768f3e28ac93f304e19624df3d0e69,[],UNKNOWN,false,abstained_after_retrieval,4,3,sha256:88ae8b48b9f68e784303ea09485edc95d4d1484eb8409d11d34c0ab002ce42a1,"[{""step"": 1, ""action"": ""Search[\""environmental sites 2012 2013\""]""}, {""step"": 2, ""action"": ""Lookup[\""Evidence 1.1\""]""}, {""step"": 3, ""action"": ""Lookup[1]""}, {""step"": 4, ""action"": ""Finish[UNKNOWN]""}]"
finqa:finqa88,finqa,finqa88,one_sided,,react_only,-0.39896,scorer_sensitive_candidate,medium,true,true,deterministic_trace_rule_v1,rounded_reference_numeric_value_appears_in_prediction,-39.90%,false,scorer_sensitive_candidate,1,3,sha256:19172ab503cda5506b67cdff2332385864c7903a4fcf3ca7648c5c56311b16d4,[],-39.8961661341853%,true,none,2,1,sha256:d73cd9d4be7c386cb6ac9563204f299a44603171d25022504d1b1393a126eb67,"[{""step"": 1, ""action"": ""Search[\""credit net 2016 2017\""]""}, {""step"": 2, ""action"": ""Finish[-39.8961661341853%]""}]"
finqa:finqa110,finqa,finqa110,both_wrong_frozen_sample,0fd35cacec60e0ddb0a0ff647f800c1546b0dbf08d000b6c5d51a2f4afee8c11,both_wrong,0.04741,mixed_or_ambiguous,low,true,true,deterministic_trace_rule_v1,Static signal=scorer_sensitive_candidate; ReAct signal=abstained_after_retrieval,4.74%,false,scorer_sensitive_candidate,1,3,sha256:458ee7af67f8e113e2ba3f196eac2faeebf50e6ce4453b0a8eb8a5f8ac454d5f,[],UNKNOWN,false,abstained_after_retrieval,2,1,sha256:d7bff06fba7b12ccc8adffffc1a0ec8f45ea56887ad4021d5238d34a326e6ee1,"[{""step"": 1, ""action"": ""Search[\""2008 total operating revenues other revenues\""]""}, {""step"": 2, ""action"": ""Finish[UNKNOWN]""}]"
finqa:finqa202,finqa,finqa202,both_wrong_frozen_sample,115c433f5f70b8836ff370066acc231d30c909e848b7194f8964514d95a81ab5,both_wrong,0.01981,substantive_answer_mismatch,medium,true,true,deterministic_trace_rule_v1,non-abstaining answer was rejected and no narrower deterministic signal fired,-1.878%,false,substantive_answer_mismatch,1,3,sha256:cd1735ef3528254dae6c10be318f7c4cc5958704d520a5101f69845ecfa60b88,[],-1.88%,false,substantive_answer_mismatch,4,3,sha256:67245e37325cf9416a5b57cb5dc3654b39464906bbc059ec728208baca6e7541,"[{""step"": 1, ""action"": ""Search[\""amortization expense 2008 2009\""]""}, {""step"": 2, ""action"": ""Lookup[\""amortization expense\""]""}, {""step"": 3, ""action"": ""Search[\""amortization expense 2008 2009\""]""}, {""step"": 4, ""action"": ""Finish[-1.88%]""}]"
finqa:finqa392,finqa,finqa392,both_wrong_frozen_sample,03838a9f850751c38cf546bf516f155427d208b31067e1a6804abad1b442460b,both_wrong,858775.15119,mixed_or_ambiguous,low,true,true,deterministic_trace_rule_v1,Static signal=scorer_sensitive_candidate; ReAct signal=abstained_after_retrieval,858775.15,false,scorer_sensitive_candidate,1,3,sha256:e6da9dae19f8fb96c6b7eb090adc2181311f67dcadc8b5a83abaa6ce478c2542,[],UNKNOWN,false,abstained_after_retrieval,3,2,sha256:fd245f2b3881db4169fab636a39646d46cd202286d23d6a45a34dbbf842b22cc,"[{""step"": 1, ""action"": ""Search[\""average number of shares per registered holder as of February 11, 2011\""]""}, {""step"": 2, ""action"": ""Lookup[Evidence 1.1]""}, {""step"": 3, ""action"": ""Finish[UNKNOWN]""}]"
finqa:finqa534,finqa,finqa534,both_wrong_frozen_sample,08c5096d44b6efd9971d748b244e9442dbdc67519242569446f973024d236804,both_wrong,0.15465,mixed_or_ambiguous,low,true,true,deterministic_trace_rule_v1,Static signal=scorer_sensitive_candidate; ReAct signal=abstained_after_retrieval,15.47%,false,scorer_sensitive_candidate,1,2,sha256:5e8e125bf189969ca50ee3a86515a7d42ba4c3f46aed44edf2646194b7c28377,[],UNKNOWN,false,abstained_after_retrieval,3,2,sha256:e141f9105b15e80abb44fcf6c78715dbfad3acd20ae38b499f26fb63b7aecfb0,"[{""step"": 1, ""action"": ""Search[\""future minimum lease payments\""]""}, {""step"": 2, ""action"": ""Lookup[\""future minimum lease payments\""]""}, {""step"": 3, ""action"": ""Finish[UNKNOWN]""}]"
finqa:finqa764,finqa,finqa764,both_wrong_frozen_sample,0e18c0ff1c7437c5ea175fcd04520eaccab7140b1fb6c8ad13c69b055023d8a9,both_wrong,0.45455,mixed_or_ambiguous,low,true,true,deterministic_trace_rule_v1,Static signal=substantive_answer_mismatch; ReAct signal=abstained_after_retrieval,$0.30,false,substantive_answer_mismatch,1,3,sha256:fc8c9c96b91436df3e0bf763962dff1cf0b290ff0e0a2f47359cfc50a4e5535e,[],UNKNOWN,false,abstained_after_retrieval,3,2,sha256:14667faacc1b73d07358b75c41bb2e3cce6bdc72e1fa112a57a6510265cfb64a,"[{""step"": 1, ""action"": ""Search[\""expected annual dividends per share 2005 2007\""]""}, {""step"": 2, ""action"": ""Lookup[expected annual dividends per share]""}, {""step"": 3, ""action"": ""Finish[UNKNOWN]""}]"
tatqa:25978230d70cd8e677358c8cc4d69f5c,tatqa,25978230d70cd8e677358c8cc4d69f5c,one_sided,,react_only,over 50 countries,scorer_sensitive_candidate,medium,true,true,deterministic_trace_rule_v1,normalized_reference_span_appears_in_prediction,The company distributes content in over 50 countries.,false,scorer_sensitive_candidate,1,2,sha256:7650ba923e543ed5d8dfb77db526598000513266a3fd17f45ff57bac80e8c1cb,[],over 50 countries,true,none,3,2,sha256:006459ba0e408cdc654ac170ba5b08d980cc9066f045f81bfc2d2fc89eb9d70b,"[{""step"": 1, ""action"": ""Search[\""number of countries content distribution\""]""}, {""step"": 2, ""action"": ""Lookup[\""Evidence 2\""]""}, {""step"": 3, ""action"": ""Finish[over 50 countries]""}]"
tatqa:368a3ea86c6cce6be5197600a8e492e6,tatqa,368a3ea86c6cce6be5197600a8e492e6,one_sided,,static_only,26.82,scorer_sensitive_candidate,medium,true,true,deterministic_trace_rule_v1,rounded_reference_numeric_value_appears_in_prediction,26.82%,true,none,1,3,sha256:b2e98d46ffceaba9649b8c0e21bf86fb07abf1834e9ecd78ff0150144ecd5c56,[],((73260 - 57768) / 57768) * 100 = 26.81%,false,scorer_sensitive_candidate,2,1,sha256:b469c6ff1d8338c084607a21f5e4908ca38595407644df0c442096b9f28c2df9,"[{""step"": 1, ""action"": ""Search[\""operating loss carryforward 2018 2019\""]""}, {""step"": 2, ""action"": ""Finish[((73260 - 57768) / 57768) * 100 = 26.81%]""}]"
tatqa:4318ce64a1732c2c634ee721dd0d3d80,tatqa,4318ce64a1732c2c634ee721dd0d3d80,one_sided,,static_only,14968.5,abstained_after_retrieval,high,false,false,deterministic_trace_rule_v1,answer expressed abstention after 2 retrieval operations,"$14,968.5 million",true,none,1,3,sha256:49ad4a6e693977e083249c06f870068b575315e199e687c7914f0335927cbc2b,[],UNKNOWN,false,abstained_after_retrieval,3,2,sha256:4d14f11f278c5429ed21378dd61d23fe2fbb47b5c9afabbb6b5c9225a06c6264,"[{""step"": 1, ""action"": ""Search[\""net cash provided by operating activities 2018 2019\""]""}, {""step"": 2, ""action"": ""Lookup[Net cash provided by operating activities]""}, {""step"": 3, ""action"": ""Finish[UNKNOWN]""}]"
tatqa:475eae0efee24cef567f489b0f06e592,tatqa,475eae0efee24cef567f489b0f06e592,one_sided,,static_only,-3,scorer_sensitive_candidate,medium,true,true,deterministic_trace_rule_v1,reference_numeric_value_appears_in_prediction,-$3 million,true,none,1,3,sha256:c7c36244b5edf32d01eb7f1c4d9842ce6b8155ca3ae4300e6fa1b11ce442ad14,[],The change in operating leases between 2021 and 2022 is $135 - $138 = -$3.,false,scorer_sensitive_candidate,3,2,sha256:6aaa28c627226e7f91a789924687fbfbb94b81c32727b2ec541cd530f156d387,"[{""step"": 1, ""action"": ""Search[\""operating leases\""]""}, {""step"": 2, ""action"": ""Lookup[\""Operating Leases\""]""}, {""step"": 3, ""action"": ""Finish[The change in operating leases between 2021 and 2022 is $135 - $138 = -$3.]""}]"
tatqa:64eb28ae3c08547e6d2200bd3589ee37,tatqa,64eb28ae3c08547e6d2200bd3589ee37,one_sided,,static_only,67669,scorer_sensitive_candidate,medium,true,true,deterministic_trace_rule_v1,reference_numeric_value_appears_in_prediction,"$67,669 thousand",true,none,1,3,sha256:648dbcf9c7f8c7ae3cf9b09897f2eae5219aa56116653f5b0fb58efc096dc9a1,[],"$67,669 (in thousands)",false,scorer_sensitive_candidate,3,2,sha256:2ae70c6afab92835d30e0da34444a6a07c4783ec08538a6fe33b86823327ceb8,"[{""step"": 1, ""action"": ""Search[\""revenues\""]""}, {""step"": 2, ""action"": ""Lookup[Revenues]""}, {""step"": 3, ""action"": ""Finish[$67,669 (in thousands)]""}]"
tatqa:95e8a0028dbced02c7f28c79c62bb281,tatqa,95e8a0028dbced02c7f28c79c62bb281,one_sided,,react_only,735.6,scorer_sensitive_candidate,medium,true,true,deterministic_trace_rule_v1,reference_numeric_value_appears_in_prediction,$735.6 million,false,scorer_sensitive_candidate,1,3,sha256:b4a08daddbc2efceaf40c7467b533d1dc9dce1567882a027e49fa717179842c4,[],$735.6,true,none,3,2,sha256:df6df7dab9d3b8849516e466e5389d1c50a2825f4735dc87e7dd250328891a78,"[{""step"": 1, ""action"": ""Search[\""invested capital 2018\""]""}, {""step"": 2, ""action"": ""Lookup[Average invested capital]""}, {""step"": 3, ""action"": ""Finish[$735.6]""}]"
tatqa:b42eb76932f8c9fb874f7ce384a3c2de,tatqa,b42eb76932f8c9fb874f7ce384a3c2de,one_sided,,static_only,-94,scorer_sensitive_candidate,medium,true,true,deterministic_trace_rule_v1,reference_numeric_value_appears_in_prediction,-$94 million,true,none,1,3,sha256:7919a04780d8f375662b9424cf792ca33e8f1da7c1250606ac4758a836318517,[],The change in the amount for Appliances in 2019 from 2018 is $680 million - $774 million = -$94 million.,false,scorer_sensitive_candidate,3,2,sha256:01a3040033e7067ef5a859c1d6d2b4a5ac7d42f42e0e2290c52f793ad299bce8,"[{""step"": 1, ""action"": ""Search[\""Appliances spending 2019 2018\""]""}, {""step"": 2, ""action"": ""Lookup[\""Appliances\""]""}, {""step"": 3, ""action"": ""Finish[The change in the amount for Appliances in 2019 from 2018 is $680 million - $774 million = -$94 million.]""}]"
tatqa:c418d4ec256c02dcc14d4e495d77778f,tatqa,c418d4ec256c02dcc14d4e495d77778f,one_sided,,static_only,the effective transition of the external audit process from PwC to Deloitte,scorer_sensitive_candidate,medium,true,true,deterministic_trace_rule_v1,normalized_reference_span_appears_in_prediction,The effective transition of the external audit process from PwC to Deloitte.,true,none,1,3,sha256:a89ea1c623535a3c4ca68740b063dfe422f93ba40fdee459a483c430a7ec9fdd,[],A key area of focus for the Audit Committee in 2019 was the effective transition of the external audit process from PwC to Deloitte.,false,scorer_sensitive_candidate,3,2,sha256:ba46207b4bc1958b3b44a0093225883ced4050e5d817663ded6c457523564d19,"[{""step"": 1, ""action"": ""Search[\""Audit Committee 2019 focus\""]""}, {""step"": 2, ""action"": ""Lookup[Evidence 2.1]""}, {""step"": 3, ""action"": ""Finish[A key area of focus for the Audit Committee in 2019 was the effective transition of the external audit process from PwC to Deloitte.]""}]"
tatqa:db3301d09c419606702f36f44f7652d4,tatqa,db3301d09c419606702f36f44f7652d4,one_sided,,react_only,"1,945,391",scorer_sensitive_candidate,medium,true,true,deterministic_trace_rule_v1,reference_numeric_value_appears_in_prediction,"1,945,391 (in thousands of U.S. dollars)",false,scorer_sensitive_candidate,1,3,sha256:56d85fde8f09925e3110870ffb05f2faa20310171e43579858bb686453bb9deb,[],"1,945,391",true,none,3,2,sha256:f3b938dff842e44e64363d02b01b53b91d04eee39597ec089948850d3fa1fdef,"[{""step"": 1, ""action"": ""Search[\""Teekay Corporation Consolidated revenues 2019\""]""}, {""step"": 2, ""action"": ""Lookup[\""Teekay Corporation Consolidated\""]""}, {""step"": 3, ""action"": ""Finish[1,945,391]""}]"
tatqa:e7ee9654a4faf700a3839ef377a1381d,tatqa,e7ee9654a4faf700a3839ef377a1381d,one_sided,,static_only,32.69,scorer_sensitive_candidate,medium,true,true,deterministic_trace_rule_v1,reference_numeric_value_appears_in_prediction,32.69%,true,none,1,3,sha256:0a918c0539fed707159d81601c3361ef0cba2f20e2fc16d146c0d71939f65610,[],The percentage change in audit fees from 2018 to 2019 is 32.69%.,false,scorer_sensitive_candidate,3,2,sha256:bdcc8e16d1d7c325c0c5c02bc8173c559544fb454b373a5cbf3493ed8b59072f,"[{""step"": 1, ""action"": ""Search[\""audit fees\""]""}, {""step"": 2, ""action"": ""Lookup[Audit fees]""}, {""step"": 3, ""action"": ""Finish[The percentage change in audit fees from 2018 to 2019 is 32.69%.]""}]"
tatqa:efccdf1a2d22ea55fae61dffcc35dfda,tatqa,efccdf1a2d22ea55fae61dffcc35dfda,one_sided,,static_only,"$64,000",scorer_sensitive_candidate,medium,true,true,deterministic_trace_rule_v1,reference_numeric_value_appears_in_prediction,"$64,000",true,none,1,3,sha256:859e5229ea7b5f45aa7b230fef60705606baec2a067977a7820ca9417dc3dd64,[],"The Company has raised approximately $64,000, net in cash in consideration for issuances of Common Stock and warrants in private placements and public offerings as well as proceeds from warrants exercises.",false,scorer_sensitive_candidate,3,2,sha256:7ca148d9889d5d937f2c35609dc0ae312e1404751ce90b5c8422c731982e3d06,"[{""step"": 1, ""action"": ""Search[\""cash raised\"" \""common stock\"" \""warrants\"" \""private placements\"" \""public offerings\"" \""warrant exercises\""]""}, {""step"": 2, ""action"": ""Lookup[Since its inception the Company has raised approximately $64,000, net in cash in consideration for issuances of Common Stock and warrants in private placements and public offerings as well as proceeds from warrants exercises.]""}, {""step"": 3, ""action"": ""Finish[The Company has raised approximately $64,000, net in cash in consideration for issuances of Common Stock and warrants in private placements and public offerings as well as proceeds from warrants exercises.]""}]"
tatqa:ff307954f10744c45fefacf07bb122d4,tatqa,ff307954f10744c45fefacf07bb122d4,one_sided,,static_only,14.68,abstained_after_retrieval,high,false,false,deterministic_trace_rule_v1,answer expressed abstention after 1 retrieval operations,14.68%,true,none,1,3,sha256:30bd41fae5891b78a3314b7c5776db9b35ae06dcdbb0f5aa38d3a4401f5ea455,[],UNKNOWN,false,abstained_after_retrieval,2,1,sha256:3569962be47f004099f3bbc3815c72f7a603efbe58e54b456d427d50864fe9b8,"[{""step"": 1, ""action"": ""Search[\""total net sales 2018 2019\""]""}, {""step"": 2, ""action"": ""Finish[UNKNOWN]""}]"
tatqa:1eb127e42e0d7aa90d3aea0eb58fc69a,tatqa,1eb127e42e0d7aa90d3aea0eb58fc69a,both_wrong_frozen_sample,30303c1574105526692607218e21eb9d2162f92a4947dc83dcfa52ba096b7434,both_wrong,9.7,scorer_sensitive_candidate,medium,true,true,deterministic_trace_rule_v1,reference_numeric_value_appears_in_prediction,$9.7M,false,scorer_sensitive_candidate,1,3,sha256:5a5d58705356338b8e0758dc200713c057b39be1c85fef18688d0677082995ab,[],$9.7 M,false,scorer_sensitive_candidate,5,4,sha256:68bd66ce0b65b3555cfe736ea61accb3f3856a208f36e3bb25ce34681b8c7432,"[{""step"": 1, ""action"": ""Search[\""revenue external customers UK 2018 2019\""]""}, {""step"": 2, ""action"": ""Lookup[\""UK\""]""}, {""step"": 3, ""action"": ""Lookup[\""83.2\""]""}, {""step"": 4, ""action"": ""Lookup[\""UK\""]""}, {""step"": 5, ""action"": ""Finish[$9.7 M]""}]"
tatqa:7c27ebc8ac884cda4febb9f399d296e0,tatqa,7c27ebc8ac884cda4febb9f399d296e0,both_wrong_frozen_sample,30c74be7b0c65efa6821a754590f9997923fe7507d2ad2c4fb990c4e8a9f8d3e,both_wrong,$539,scorer_sensitive_candidate,medium,true,true,deterministic_trace_rule_v1,reference_numeric_value_appears_in_prediction,$539 million,false,scorer_sensitive_candidate,1,3,sha256:25190ce995147b287a974bdee2e8172ca826790c24d7e08e056bdb66868d378b,[],"The decrease in Blizzard in-game net bookings for 2019, as compared to 2018, was $539 million.",false,scorer_sensitive_candidate,2,1,sha256:3e144738ad1cd8219e00d92b0149be7cda3a05b2aeb4611a74e2ae9394eae933,"[{""step"": 1, ""action"": ""Search[\""Blizzard in-game net bookings 2018 2019\""]""}, {""step"": 2, ""action"": ""Finish[The decrease in Blizzard in-game net bookings for 2019, as compared to 2018, was $539 million.]""}]"
tatqa:935015b20dd8cfd9a24826afbcfbf42b,tatqa,935015b20dd8cfd9a24826afbcfbf42b,both_wrong_frozen_sample,3ca29b460e39a60df784211d3dd6bdd93a6cc4055effed477e140886c1c98fda,both_wrong,87.04,substantive_answer_mismatch,medium,true,true,deterministic_trace_rule_v1,non-abstaining answer was rejected and no narrower deterministic signal fired,-87.0%,false,substantive_answer_mismatch,1,3,sha256:14e261e5b1163a668e2d17468d7b51c7a2cf8dfba8c97f2399d49253133b533d,[],"The change in goodwill impairment between 2018 and 2019 is -$12,830 thousand. As a percentage of the 2018 goodwill impairment, this is (-12830 / 14740) * 100% = -87.04206241519674%.",false,substantive_answer_mismatch,2,1,sha256:7318a2135e31a1c4c048e4ca77f6187c4750833f627ae289ce9fca0bfd65593c,"[{""step"": 1, ""action"": ""Search[\""goodwill impairment 2018 2019\""]""}, {""step"": 2, ""action"": ""Finish[The change in goodwill impairment between 2018 and 2019 is -$12,830 thousand. As a percentage of the 2018 goodwill impairment, this is (-12830 / 14740) * 100% = -87.04206241519674%.]""}]"
tatqa:c888300a8c8cca2c3e0f08ffa3c6b5f7,tatqa,c888300a8c8cca2c3e0f08ffa3c6b5f7,both_wrong_frozen_sample,14cd1f6f457fbfbeadb509b9ccd551eca5516d7d18aa9742a1c98d7eddf7f02e,both_wrong,"the Audit Committee will reconsider whether to retain KPMG, and may appoint that firm or another without resubmitting the matter to the shareholders",scorer_sensitive_candidate,medium,true,true,deterministic_trace_rule_v1,normalized_reference_span_appears_in_prediction,"If the shareholders fail to vote on an advisory basis in favor of the appointment, the Audit Committee will reconsider whether to retain KPMG, and may appoint that firm or another without resubmitting the matter to the shareholders.",false,scorer_sensitive_candidate,1,2,sha256:8237cbaa24ed2f8d1214369848266e63cf5d872c7167c6b1fbd0c7523c793dd7,[],"If the shareholders fail to vote on an advisory basis in favor of the appointment, the Audit Committee will reconsider whether to retain KPMG, and may appoint that firm or another without resubmitting the matter to the shareholders.",false,scorer_sensitive_candidate,3,2,sha256:b455fa50748604aa59e0ad9f3153bf07c953e2855644854b7910777fd22bca97,"[{""step"": 1, ""action"": ""Search[\""shareholders fail to vote advisory appointment consequences\""]""}, {""step"": 2, ""action"": ""Lookup[Evidence 2.2]""}, {""step"": 3, ""action"": ""Finish[If the shareholders fail to vote on an advisory basis in favor of the appointment, the Audit Committee will reconsider whether to retain KPMG, and may appoint that firm or another without resubmitting the matter to the shareholders.]""}]"
tatqa:e26cd3d746da1785bbc08023485f83f2,tatqa,e26cd3d746da1785bbc08023485f83f2,both_wrong_frozen_sample,2615563968915ebd496160ba9a7a47c0b9472507e2aba5b78dc0782fa9c7c7af,both_wrong,"Operating activities, Investing activities, Financing activities",substantive_answer_mismatch,medium,true,true,deterministic_trace_rule_v1,non-abstaining answer was rejected and no narrower deterministic signal fired,"Net cash provided by operating activities, net cash used in investing activities, and net cash provided by financing activities.",false,substantive_answer_mismatch,1,2,sha256:413464399debb2d65596accf859e45355765bebbf3ba2586430f6490f3a91555,[],"""The components of net cash flows are net cash flows from operating activities, net cash flows from investing activities, and net cash flows from financing activities.""",false,substantive_answer_mismatch,2,1,sha256:3fa3eab6c5ca8c8d9a5027b567c877dc1b399eb4003cfd11de37a9eeac0e246f,"[{""step"": 1, ""action"": ""Search[\""net cash flows components\""]""}, {""step"": 2, ""action"": ""Finish[\""The components of net cash flows are net cash flows from operating activities, net cash flows from investing activities, and net cash flows from financing activities.\""]""}]"
convfinqa:convfinqa1,convfinqa,convfinqa1,one_sided,,static_only,0.04569,premature_finish_no_retrieval,high,false,false,deterministic_trace_rule_v1,ReAct finished after zero saved search/lookup operations,0.04569,true,none,1,2,sha256:1283b6a580fd91d5b87ed9a7ddeb1ad2dd6f44eda0cc54ba973afd3cd29433ed,[],I need more information to answer this question. Please provide the value you are referring to.,false,premature_finish_no_retrieval,1,0,sha256:9d68fff727deed83f95ade45209259fe574fcacf1a7976172550bdb3232b0599,"[{""step"": 1, ""action"": ""Finish[I need more information to answer this question. Please provide the value you are referring to.]""}]"
convfinqa:convfinqa1044,convfinqa,convfinqa1044,one_sided,,static_only,1.5,scorer_sensitive_candidate,medium,true,true,deterministic_trace_rule_v1,reference_numeric_value_appears_in_prediction,1.5,true,none,1,2,sha256:9e878ac41114300789787d336c6ec731738e02b00b850d188ae72b529db4c3af,[],1.5 million,false,scorer_sensitive_candidate,5,4,sha256:3dfe1b0c08a0f5d57a902c07244f1d2ab19c2af15fa1e1f35e4a9edd291b72ad,"[{""step"": 1, ""action"": ""Search[\""estimated population served in missouri\""]""}, {""step"": 2, ""action"": ""Lookup[\""missouri\""]""}, {""step"": 3, ""action"": ""Lookup[\""estimated population served (in millions)\""]""}, {""step"": 4, ""action"": ""Lookup[\""Evidence 1.3\""]""}, {""step"": 5, ""action"": ""Finish[1.5 million]""}]"
convfinqa:convfinqa1671,convfinqa,convfinqa1671,one_sided,,react_only,0.06665,scorer_sensitive_candidate,medium,true,true,deterministic_trace_rule_v1,rounded_reference_numeric_value_appears_in_prediction,6.67%,false,scorer_sensitive_candidate,1,3,sha256:eab981d5c7a205037c8b9fabc57f71c53f762c64292c34266f9cc4b8a3bd0b1d,[],6.665%,true,none,5,4,sha256:b948d3e44bb339afff48a94ce7edd6203c34bc81356c12cc2b4567ce11d68cf4,"[{""step"": 1, ""action"": ""Search[\""change total 2006\""]""}, {""step"": 2, ""action"": ""Lookup[\""total current assets 2006\""]""}, {""step"": 3, ""action"": ""Lookup[\""total current assets\""]""}, {""step"": 4, ""action"": ""Search[\""total current assets 2006\""]""}, {""step"": 5, ""action"": ""Finish[6.665%]""}]"
convfinqa:convfinqa1994,convfinqa,convfinqa1994,one_sided,,static_only,8802396.0,scorer_sensitive_candidate,medium,true,true,deterministic_trace_rule_v1,reference_numeric_value_appears_in_prediction,8802396,true,none,1,2,sha256:e60dbdbe21f708df3b8278f39d679b29cd58b6daf59443e2be92bf4abee337cb,[],8352396 + 450000 = 8802396,false,scorer_sensitive_candidate,2,1,sha256:b91dc3d075dce250fc59cb5d39b79b6643547159640db2ffb22946f80824914f,"[{""step"": 1, ""action"": ""Search[\""total executive shares owned\"", \""Mr. Johnson unvested shares\""]""}, {""step"": 2, ""action"": ""Finish[8352396 + 450000 = 8802396]""}]"
convfinqa:convfinqa2114,convfinqa,convfinqa2114,one_sided,,static_only,221.91,scorer_sensitive_candidate,medium,true,true,deterministic_trace_rule_v1,reference_numeric_value_appears_in_prediction,$221.91,true,none,1,3,sha256:d3b5a1684b7c3533ef19e018b026760663356116b95fdc840753144c8248a330,[],The value of United Parcel Service Inc. in the year 2013 was $221.91.,false,scorer_sensitive_candidate,6,5,sha256:129b4702ae9b7127be337ea995200ad88f992beca87798094c93cb8d19156587,"[{""step"": 1, ""action"": ""Search[\""United Parcel Service Inc. value 2013\""]""}, {""step"": 2, ""action"": ""Lookup[\""united parcel service inc .\""]""}, {""step"": 3, ""action"": ""Lookup[\""12/31/2013\""]""}, {""step"": 4, ""action"": ""Lookup[\""united parcel service inc .\""]""}, {""step"": 5, ""action"": ""Lookup[\""united parcel service inc .\""]""}, {""step"": 6, ""action"": ""Finish[The value of United Parcel Service Inc. in the year 2013 was $221.91.]""}]"
convfinqa:convfinqa274,convfinqa,convfinqa274,one_sided,,static_only,0.017,abstained_after_retrieval,high,false,false,deterministic_trace_rule_v1,answer expressed abstention after 2 retrieval operations,1.7%,true,none,1,2,sha256:319b212f61f6891378343bc525636115f6a6829de4ba5c6a8e4f92290a0aea39,[],UNKNOWN,false,abstained_after_retrieval,3,2,sha256:c83cca741920a8bd8d2214fc4528fc0f442763f0d495af448713aac3c3916561,"[{""step"": 1, ""action"": ""Search[change over the year]""}, {""step"": 2, ""action"": ""Lookup[effective tax rate]""}, {""step"": 3, ""action"": ""Finish[UNKNOWN]""}]"
convfinqa:convfinqa342,convfinqa,convfinqa342,one_sided,,static_only,-44.0,abstained_after_retrieval,high,false,false,deterministic_trace_rule_v1,answer expressed abstention after 2 retrieval operations,-44,true,none,1,3,sha256:2a636a1b9ba02816596d730d783531ac4614d85c2bcacd3c457cfa76ae30248b,[],UNKNOWN,false,abstained_after_retrieval,3,2,sha256:27889a87e185dd7bb666cfeac75dd691fd4c926cae470e787667ba83dedacdad,"[{""step"": 1, ""action"": ""Search[\""2014 2015 financial data\""]""}, {""step"": 2, ""action"": ""Lookup[\""american airlines group inc. 2014 2015\""]""}, {""step"": 3, ""action"": ""Finish[UNKNOWN]""}]"
convfinqa:convfinqa457,convfinqa,convfinqa457,one_sided,,react_only,1800.0,scorer_sensitive_candidate,medium,true,true,deterministic_trace_rule_v1,reference_numeric_value_appears_in_prediction,$1800 million,false,scorer_sensitive_candidate,1,3,sha256:e405170d24fd8cb076dddec6711132f9eb1940a259a5d533d1f92c36649fddd9,[],The value of customer relationships was $ 1800.,true,none,7,6,sha256:73f1c53863c7cbcd13b87e7c7162afefac7dbf168934493cb632fd09144aa0f9,"[{""step"": 1, ""action"": ""Search[\""value of customer relationships\""]""}, {""step"": 2, ""action"": ""Lookup[customer relationships]""}, {""step"": 3, ""action"": ""Lookup[Evidence 1.1, row 5]""}, {""step"": 4, ""action"": ""Lookup[Evidence 1.1]""}, {""step"": 5, ""action"": ""Lookup[customer relationships value in Evidence 1.1]""}, {""step"": 6, ""action"": ""Lookup[table in Evidence 1.1, row 5, column 2]""}, {""step"": 7, ""action"": ""Finish[The value of customer relationships was $ 1800.]""}]"
convfinqa:convfinqa667,convfinqa,convfinqa667,one_sided,,react_only,160.0,scorer_sensitive_candidate,medium,true,true,deterministic_trace_rule_v1,reference_numeric_value_appears_in_prediction,$160 million,false,scorer_sensitive_candidate,1,3,sha256:16389bfee7a19b785348426d3ad79e9c556ca0cbaab5ae4a02117027b6aa373a,[],160,true,none,2,1,sha256:d0dea5bc091615b53b1b108bf08b66f93112972abe863ae9b6949c9424645708,"[{""step"": 1, ""action"": ""Search[\""net proceeds from sales of containers\""]""}, {""step"": 2, ""action"": ""Finish[160]""}]"
convfinqa:convfinqa911,convfinqa,convfinqa911,one_sided,,static_only,111.0,scorer_sensitive_candidate,medium,true,true,deterministic_trace_rule_v1,reference_numeric_value_appears_in_prediction,$111,true,none,1,3,sha256:662d65bb7125e7302cd92b3d5d07cc5098da43b272c8fe54c03a59a67bb2b36e,[],$111 million,false,scorer_sensitive_candidate,6,5,sha256:fa691cc03bdc4c7d58b2028badd42d21a8fa482d0ef1c4b8785b491612a660b6,"[{""step"": 1, ""action"": ""Search[\""revenue 2004\""]""}, {""step"": 2, ""action"": ""Lookup[net periodic pension expense 2004]""}, {""step"": 3, ""action"": ""Lookup[net periodic pension expense (a)]""}, {""step"": 4, ""action"": ""Lookup[net periodic pension expense (a) 2004]""}, {""step"": 5, ""action"": ""Lookup[Evidence 1.3]""}, {""step"": 6, ""action"": ""Finish[$111 million]""}]"
convfinqa:convfinqa1041,convfinqa,convfinqa1041,both_wrong_frozen_sample,24ca896199762a9c4ed6fab0719407ba0f482c3540ebaf55f19dd6dcb661f619,both_wrong,0.90917,mixed_or_ambiguous,low,true,true,deterministic_trace_rule_v1,Static signal=scorer_sensitive_candidate; ReAct signal=premature_finish_no_retrieval,0.909299,false,scorer_sensitive_candidate,1,2,sha256:4a2014b0b068bda417b9b31e736f9cd5c3d6ef8b0d67af121a642ae57fab9762,[],UNKNOWN,false,premature_finish_no_retrieval,1,0,sha256:551bd617e1b001b8a599bd6723c50c5793df7d824ac87c004b9e073887a5276d,"[{""step"": 1, ""action"": ""Finish[UNKNOWN]""}]"
convfinqa:convfinqa1197,convfinqa,convfinqa1197,both_wrong_frozen_sample,16744cb4880e0b05fe8b9d1bb044efe94baae3ae0cc6adcf6d16ce0b5917196f,both_wrong,1.14394,scorer_sensitive_candidate,medium,true,true,deterministic_trace_rule_v1,rounded_reference_numeric_value_appears_in_prediction,1.1439,false,scorer_sensitive_candidate,1,3,sha256:5f6d4b92dfdf12501b987e9f71953fdaa86c91cfd967b847b6099c87f6067582,[],1.1439,false,scorer_sensitive_candidate,2,1,sha256:0ff79b4b3fd81f325a0f4d88a945b770a29d10c59e4503fab5e9092f699c4938,"[{""step"": 1, ""action"": ""Search[\""debt maturity\""]""}, {""step"": 2, ""action"": ""Finish[1.1439]""}]"
convfinqa:convfinqa1549,convfinqa,convfinqa1549,both_wrong_frozen_sample,240919bfb578ceb78f13f356e224c61e3069d121d789ed0fbe199f0527d530ba,both_wrong,22.1,mixed_or_ambiguous,low,true,true,deterministic_trace_rule_v1,Static signal=substantive_answer_mismatch; ReAct signal=scorer_sensitive_candidate,$85.5 billion,false,substantive_answer_mismatch,1,2,sha256:7321512ad031dfcfbaa56a6c0296b665d5fd1badc73c933966cf5a20a0593b07,[],The liquid asset value is $22.1 billion + $63.4 billion = $85.5 billion.,false,scorer_sensitive_candidate,3,2,sha256:7c800be8ea3188746bf299f88eb51f8941808bcbf3642130bba6e3c69938545c,"[{""step"": 1, ""action"": ""Search[\""liquid asset value\""]""}, {""step"": 2, ""action"": ""Lookup[\""liquid assets\""]""}, {""step"": 3, ""action"": ""Finish[The liquid asset value is $22.1 billion + $63.4 billion = $85.5 billion.]""}]"
convfinqa:convfinqa1819,convfinqa,convfinqa1819,both_wrong_frozen_sample,08fa2fbe542151acd5020ff4b243fc37aabf9128b93c0c674587ecb1fc1563c4,both_wrong,-180.3,mixed_or_ambiguous,low,true,true,deterministic_trace_rule_v1,Static signal=scorer_sensitive_candidate; ReAct signal=abstained_after_retrieval,-$180.3 million,false,scorer_sensitive_candidate,1,3,sha256:d42a9f9874a2ecfc4bc3e4f6fa4f1e61accb8d66473be61c859ca297142bab44,[],UNKNOWN,false,abstained_after_retrieval,3,2,sha256:3898b53c22e556606309c80cdc34b8c6fb5ce43ee819a6e8785194c797104794,"[{""step"": 1, ""action"": ""Search[\""share repurchase\""]""}, {""step"": 2, ""action"": ""Lookup[\""share repurchase\""]""}, {""step"": 3, ""action"": ""Finish[UNKNOWN]""}]"
convfinqa:convfinqa645,convfinqa,convfinqa645,both_wrong_frozen_sample,325566118ca1131dc22b78272d2a09d391e1d6326917d452ef2ffbc2d5981ef3,both_wrong,40.0,mixed_or_ambiguous,low,true,true,deterministic_trace_rule_v1,Static signal=abstained_after_retrieval; ReAct signal=substantive_answer_mismatch,UNKNOWN,false,abstained_after_retrieval,1,2,sha256:998f6ee1a35d03be83ecd20749240c3059bbb6a287f2ba6f77787b9537b93f57,[],$81,false,substantive_answer_mismatch,7,6,sha256:2fb64699c2b96eb87951a90acfe53d06efa91587b238149928043352673985dc,"[{""step"": 1, ""action"": ""Search[investment change]""}, {""step"": 2, ""action"": ""Lookup[q]""}, {""step"": 3, ""action"": ""Lookup[q]""}, {""step"": 4, ""action"": ""Lookup[q]""}, {""step"": 5, ""action"": ""Lookup[q]""}, {""step"": 6, ""action"": ""Lookup[q]""}, {""step"": 7, ""action"": ""Finish[$81]""}]"
